<?xml version="1.0" encoding="utf-8"?>
<IP NAME="DBGMCU">
  <COMMON>
    <LITERALS>

      <LITERAL><SPL>DBGMCU_TIM2_STOP</SPL><LL>LL_DBGMCU_APB1_GRP1_TIM2_STOP</LL></LITERAL>
      <LITERAL><SPL>DBGMCU_TIM3_STOP</SPL><LL>LL_DBGMCU_APB1_GRP1_TIM3_STOP</LL></LITERAL>
      <LITERAL><SPL>DBGMCU_TIM4_STOP</SPL><LL>LL_DBGMCU_APB1_GRP1_TIM4_STOP</LL><EXCLUDE>STM32F0</EXCLUDE></LITERAL>
      <LITERAL><SPL>DBGMCU_TIM5_STOP</SPL><LL>LL_DBGMCU_APB1_GRP1_TIM5_STOP</LL><AVAILABLE>STM32F37</AVAILABLE><AVAILABLE>STM32F2</AVAILABLE><AVAILABLE>STM32F4</AVAILABLE><AVAILABLE>STM32L1</AVAILABLE></LITERAL>
      <LITERAL><SPL>DBGMCU_TIM6_STOP</SPL><LL>LL_DBGMCU_APB1_GRP1_TIM6_STOP</LL></LITERAL>
      <LITERAL><SPL>DBGMCU_TIM7_STOP</SPL><LL>LL_DBGMCU_APB1_GRP1_TIM7_STOP</LL></LITERAL>
      <LITERAL><SPL>DBGMCU_TIM12_STOP</SPL><LL>LL_DBGMCU_APB1_GRP1_TIM12_STOP</LL><AVAILABLE>STM32F37</AVAILABLE><AVAILABLE>STM32F2</AVAILABLE><AVAILABLE>STM32F4</AVAILABLE></LITERAL>
      <LITERAL><SPL>DBGMCU_TIM13_STOP</SPL><LL>LL_DBGMCU_APB1_GRP1_TIM13_STOP</LL><AVAILABLE>STM32F37</AVAILABLE><AVAILABLE>STM32F2</AVAILABLE><AVAILABLE>STM32F4</AVAILABLE></LITERAL>
      <LITERAL><SPL>DBGMCU_TIM14_STOP</SPL><LL>LL_DBGMCU_APB1_GRP1_TIM14_STOP</LL><AVAILABLE>STM32F37</AVAILABLE><AVAILABLE>STM32F0</AVAILABLE><AVAILABLE>STM32F2</AVAILABLE><AVAILABLE>STM32F4</AVAILABLE></LITERAL>
      <LITERAL><SPL>DBGMCU_TIM18_STOP</SPL><LL>LL_DBGMCU_APB1_GRP1_TIM18_STOP</LL><AVAILABLE>STM32F37</AVAILABLE></LITERAL>
      <LITERAL><SPL>DBGMCU_RTC_STOP</SPL><LL>LL_DBGMCU_APB1_GRP1_RTC_STOP</LL></LITERAL>
      <LITERAL><SPL>DBGMCU_WWDG_STOP</SPL><LL>LL_DBGMCU_APB1_GRP1_WWDG_STOP</LL></LITERAL>
      <LITERAL><SPL>DBGMCU_IWDG_STOP</SPL><LL>LL_DBGMCU_APB1_GRP1_IWDG_STOP</LL></LITERAL>
      <LITERAL><SPL>DBGMCU_I2C1_SMBUS_TIMEOUT</SPL><LL>LL_DBGMCU_APB1_GRP1_I2C1_STOP</LL></LITERAL>
      <LITERAL><SPL>DBGMCU_I2C2_SMBUS_TIMEOUT</SPL><LL>LL_DBGMCU_APB1_GRP1_I2C2_STOP</LL></LITERAL>
      <LITERAL><SPL>DBGMCU_I2C3_SMBUS_TIMEOUT</SPL><LL>LL_DBGMCU_APB1_GRP1_I2C3_STOP</LL><AVAILABLE>STM32F4</AVAILABLE><AVAILABLE>STM32F2</AVAILABLE><AVAILABLE>STM32F30</AVAILABLE></LITERAL>
      <LITERAL><SPL>DBGMCU_CAN1_STOP</SPL><LL>LL_DBGMCU_APB1_GRP1_CAN1_STOP</LL><EXCLUDE>STM32L1</EXCLUDE><EXCLUDE>STM32F0</EXCLUDE></LITERAL>
      <LITERAL><SPL>DBGMCU_CAN2_STOP</SPL><LL>LL_DBGMCU_APB1_GRP1_CAN2_STOP</LL><AVAILABLE>STM32F2</AVAILABLE><AVAILABLE>STM32F4</AVAILABLE></LITERAL>
      
      <LITERAL><SPL>DBGMCU_CAN1_STOP</SPL><LL>LL_DBGMCU_APB1_GRP1_CAN_STOP</LL><AVAILABLE>STM32F0</AVAILABLE></LITERAL>
      <LITERAL><SPL>DBGMCU_TIM17_STOP</SPL><LL>LL_DBGMCU_APB1_GRP2_TIM17_STOP</LL><AVAILABLE>STM32F0</AVAILABLE></LITERAL>
      
      <LITERAL><SPL>DBGMCU_TIM1_STOP</SPL><LL>LL_DBGMCU_APB2_GRP1_TIM1_STOP</LL><AVAILABLE>STM32F2</AVAILABLE><AVAILABLE>STM32F30</AVAILABLE><AVAILABLE>STM32F4</AVAILABLE></LITERAL>
      <LITERAL><SPL>DBGMCU_TIM8_STOP</SPL><LL>LL_DBGMCU_APB2_GRP1_TIM8_STOP</LL><AVAILABLE>STM32F2</AVAILABLE><AVAILABLE>STM32F30</AVAILABLE><AVAILABLE>STM32F4</AVAILABLE></LITERAL>
      <LITERAL><SPL>DBGMCU_TIM9_STOP</SPL><LL>LL_DBGMCU_APB2_GRP1_TIM9_STOP</LL><AVAILABLE>STM32L1</AVAILABLE><AVAILABLE>STM32F2</AVAILABLE><AVAILABLE>STM32F4</AVAILABLE></LITERAL>
      <LITERAL><SPL>DBGMCU_TIM10_STOP</SPL><LL>LL_DBGMCU_APB2_GRP1_TIM10_STOP</LL><AVAILABLE>STM32L1</AVAILABLE><AVAILABLE>STM32F2</AVAILABLE><AVAILABLE>STM32F4</AVAILABLE></LITERAL>
      <LITERAL><SPL>DBGMCU_TIM11_STOP</SPL><LL>LL_DBGMCU_APB2_GRP1_TIM11_STOP</LL><AVAILABLE>STM32L1</AVAILABLE><AVAILABLE>STM32F2</AVAILABLE><AVAILABLE>STM32F4</AVAILABLE></LITERAL>
      <LITERAL><SPL>DBGMCU_TIM15_STOP</SPL><LL>LL_DBGMCU_APB2_GRP1_TIM15_STOP</LL><AVAILABLE>STM32F30</AVAILABLE><AVAILABLE>STM32F37</AVAILABLE></LITERAL>
      <LITERAL><SPL>DBGMCU_TIM16_STOP</SPL><LL>LL_DBGMCU_APB2_GRP1_TIM16_STOP</LL><AVAILABLE>STM32F30</AVAILABLE><AVAILABLE>STM32F37</AVAILABLE></LITERAL>
      <LITERAL><SPL>DBGMCU_TIM17_STOP</SPL><LL>LL_DBGMCU_APB2_GRP1_TIM17_STOP</LL><AVAILABLE>STM32F30</AVAILABLE><AVAILABLE>STM32F37</AVAILABLE></LITERAL>
      <LITERAL><SPL>DBGMCU_TIM19_STOP</SPL><LL>LL_DBGMCU_APB2_GRP1_TIM19_STOP</LL><AVAILABLE>STM32F37</AVAILABLE></LITERAL>
      <LITERAL><SPL>DBGMCU_TIM20_STOP</SPL><LL>LL_DBGMCU_APB2_GRP1_TIM20_STOP</LL><AVAILABLE>STM32F30</AVAILABLE></LITERAL>

      <LITERAL><SPL>DBGMCU_TIM1_STOP</SPL><LL>LL_DBGMCU_APB1_GRP2_TIM1_STOP</LL><AVAILABLE>STM32F0</AVAILABLE></LITERAL>
      <LITERAL><SPL>DBGMCU_TIM15_STOP</SPL><LL>LL_DBGMCU_APB1_GRP2_TIM15_STOP</LL><AVAILABLE>STM32F0</AVAILABLE></LITERAL>
      <LITERAL><SPL>DBGMCU_TIM16_STOP</SPL><LL>LL_DBGMCU_APB1_GRP2_TIM16_STOP</LL><AVAILABLE>STM32F0</AVAILABLE></LITERAL>

    </LITERALS>
    
    <FUNCTIONS>
    
    <!-- #################### uint32_t DBGMCU_GetREVID(void) #################### -->
      <FUNCTION>
        <SPL NAME="DBGMCU_GetREVID"/>
        <LL  NAME="LL_DBGMCU_GetRevisionID"/>
      </FUNCTION>
      
    <!-- #################### uint32_t DBGMCU_GetDEVID(void) #################### -->
      <FUNCTION>
        <SPL NAME="DBGMCU_GetDEVID"/>
        <LL  NAME="LL_DBGMCU_GetDeviceID"/>
      </FUNCTION>
      
    <!-- #################### void DBGMCU_Config(uint32_t, ENABLE/DISABLE) #################### -->
      <FUNCTION>        <!-- DBGMCU_Config(DBGMCU_SLEEP, E/D) -->
        <SPL NAME="DBGMCU_Config"
             CMD0="EQU@SPL_PARAM_0=DBGMCU_SLEEP"
             CMD1="EQU@SPL_PARAM_1=ENABLE"/>
        <LL  NAME="LL_DBGMCU_EnableDBGSleepMode"
             CMD0="DEL@LL_PARAM_0"
             CMD1="DEL@LL_PARAM_1"/>
        <EXCLUDE>STM32F0</EXCLUDE>
      </FUNCTION>
      <FUNCTION>
        <SPL NAME="DBGMCU_Config"
             CMD0="EQU@SPL_PARAM_0=DBGMCU_SLEEP"
             CMD1="EQU@SPL_PARAM_1=DISABLE"/>
        <LL  NAME="LL_DBGMCU_DisableDBGSleepMode"
             CMD0="DEL@LL_PARAM_0"
             CMD1="DEL@LL_PARAM_1"/>
        <EXCLUDE>STM32F0</EXCLUDE>
      </FUNCTION>
      
      <FUNCTION>        <!-- DBGMCU_Config(DBGMCU_STOP, E/D) -->
        <SPL NAME="DBGMCU_Config"
             CMD0="EQU@SPL_PARAM_0=DBGMCU_STOP"
             CMD1="EQU@SPL_PARAM_1=ENABLE"/>
        <LL  NAME="LL_DBGMCU_EnableDBGStopMode"
             CMD0="DEL@LL_PARAM_0"
             CMD1="DEL@LL_PARAM_1"/>
      </FUNCTION>
      <FUNCTION>
        <SPL NAME="DBGMCU_Config"
             CMD0="EQU@SPL_PARAM_0=DBGMCU_STOP"
             CMD1="EQU@SPL_PARAM_1=DISABLE"/>
        <LL  NAME="LL_DBGMCU_DisableDBGStopMode"
             CMD0="DEL@LL_PARAM_0"
             CMD1="DEL@LL_PARAM_1"/>
      </FUNCTION>
      
      <FUNCTION>        <!-- DBGMCU_Config(DBGMCU_STANDBY, E/D) -->
        <SPL NAME="DBGMCU_Config"
             CMD0="EQU@SPL_PARAM_0=DBGMCU_STANDBY"
             CMD1="EQU@SPL_PARAM_1=ENABLE"/>
        <LL  NAME="LL_DBGMCU_EnableDBGStandbyMode"
             CMD0="DEL@LL_PARAM_0"
             CMD1="DEL@LL_PARAM_1"/>
      </FUNCTION>
      <FUNCTION>
        <SPL NAME="DBGMCU_Config"
             CMD0="EQU@SPL_PARAM_0=DBGMCU_STANDBY"
             CMD1="EQU@SPL_PARAM_1=DISABLE"/>
        <LL  NAME="LL_DBGMCU_DisableDBGStandbyMode"
             CMD0="DEL@LL_PARAM_0"
             CMD1="DEL@LL_PARAM_1"/>
      </FUNCTION>
      
    <!-- #################### void DBGMCU_APB1PeriphConfig(uint32_t, ENABLE/DISABLE) #################### -->
      <FUNCTION>
        <SPL NAME="DBGMCU_APB1PeriphConfig"
             CMD0="EQU@SPL_PARAM_1=ENABLE"/>
        <LL  NAME="LL_DBGMCU_APB1_GRP1_FreezePeriph"
             CMD0="UPD@LL_PARAM_0={UPD@SPL_PARAM_0}"
             CMD1="DEL@LL_PARAM_1"/>
        <EXCLUDE>STM32F10</EXCLUDE>
      </FUNCTION>
      <FUNCTION>
        <SPL NAME="DBGMCU_APB1PeriphConfig"
             CMD0="EQU@SPL_PARAM_1=DISABLE"/>
        <LL  NAME="LL_DBGMCU_APB1_GRP1_UnFreezePeriph"
             CMD0="UPD@LL_PARAM_0={UPD@SPL_PARAM_0}"
             CMD1="DEL@LL_PARAM_1"/>
        <EXCLUDE>STM32F10</EXCLUDE>
      </FUNCTION>
      
      <!-- #################### void DBGMCU_APB2PeriphConfig(uint32_t, ENABLE/DISABLE) #################### -->
      <FUNCTION>
        <SPL NAME="DBGMCU_APB2PeriphConfig"
             CMD0="EQU@SPL_PARAM_1=ENABLE"/>
        <LL  NAME="LL_DBGMCU_APB2_GRP1_FreezePeriph"
             CMD0="UPD@LL_PARAM_0={UPD@SPL_PARAM_0}"
             CMD1="DEL@LL_PARAM_1"/>
        <EXCLUDE>STM32F10</EXCLUDE>
        <EXCLUDE>STM32F0</EXCLUDE>
      </FUNCTION>
      <FUNCTION>
        <SPL NAME="DBGMCU_APB2PeriphConfig"
             CMD0="EQU@SPL_PARAM_1=DISABLE"/>
        <LL  NAME="LL_DBGMCU_APB2_GRP1_UnFreezePeriph"
             CMD0="UPD@LL_PARAM_0={UPD@SPL_PARAM_0}"
             CMD1="DEL@LL_PARAM_1"/>
        <EXCLUDE>STM32F10</EXCLUDE>
        <EXCLUDE>STM32F0</EXCLUDE>
      </FUNCTION>
      
    </FUNCTIONS>
  </COMMON>

  <SPECIFIC>
    <VERSION NAME="DBGMCU_VER_1_0_0">               <!-- STM32F0  -->
    <FUNCTIONS>
    <!-- #################### void DBGMCU_APB2PeriphConfig(uint32_t, ENABLE/DISABLE) #################### -->
      <FUNCTION>
        <SPL NAME="DBGMCU_APB2PeriphConfig"
             CMD0="EQU@SPL_PARAM_1=ENABLE"/>
        <LL  NAME="LL_DBGMCU_APB1_GRP2_FreezePeriph"
             CMD0="UPD@LL_PARAM_0={UPD@SPL_PARAM_0}"
             CMD1="DEL@LL_PARAM_1"/>
      </FUNCTION>
      <FUNCTION>
        <SPL NAME="DBGMCU_APB2PeriphConfig"
             CMD0="EQU@SPL_PARAM_1=DISABLE"/>
        <LL  NAME="LL_DBGMCU_APB1_GRP2_UnFreezePeriph"
             CMD0="UPD@LL_PARAM_0={UPD@SPL_PARAM_0}"
             CMD1="DEL@LL_PARAM_1"/>
      </FUNCTION>
    </FUNCTIONS>
    </VERSION>
  
    <VERSION NAME="DBGMCU_VER_1_1_0">               <!-- STM32F10 -->
    <FUNCTIONS>
    <!-- #################### void DBGMCU_Config(uint32_t, ENABLE/DISABLE) #################### -->
      <FUNCTION>        <!-- DBGMCU_Config(DBGMCU_IWDG_STOP, E/D) -->
        <SPL NAME="DBGMCU_Config"
             CMD0="EQU@SPL_PARAM_0=DBGMCU_IWDG_STOP"
             CMD1="EQU@SPL_PARAM_1=ENABLE"/>
        <LL  NAME="LL_DBGMCU_APB1_GRP1_FreezePeriph"
             CMD0="UPD@LL_PARAM_0=LL_DBGMCU_APB1_GRP1_IWDG_STOP"
             CMD1="DEL@LL_PARAM_1"/>
      </FUNCTION>
      <FUNCTION>
        <SPL NAME="DBGMCU_Config"
             CMD0="EQU@SPL_PARAM_0=DBGMCU_IWDG_STOP"
             CMD1="EQU@SPL_PARAM_1=DISABLE"/>
        <LL  NAME="LL_DBGMCU_APB1_GRP1_UnFreezePeriph"
             CMD0="UPD@LL_PARAM_0=LL_DBGMCU_APB1_GRP1_IWDG_STOP"
             CMD1="DEL@LL_PARAM_1"/>
      </FUNCTION>
      <FUNCTION>        <!-- DBGMCU_Config(DBGMCU_WWDG_STOP, E/D) -->
        <SPL NAME="DBGMCU_Config"
             CMD0="EQU@SPL_PARAM_0=DBGMCU_WWDG_STOP"
             CMD1="EQU@SPL_PARAM_1=ENABLE"/>
        <LL  NAME="LL_DBGMCU_APB1_GRP1_FreezePeriph"
             CMD0="UPD@LL_PARAM_0=LL_DBGMCU_APB1_GRP1_WWDG_STOP"
             CMD1="DEL@LL_PARAM_1"/>
      </FUNCTION>
      <FUNCTION>
        <SPL NAME="DBGMCU_Config"
             CMD0="EQU@SPL_PARAM_0=DBGMCU_WWDG_STOP"
             CMD1="EQU@SPL_PARAM_1=DISABLE"/>
        <LL  NAME="LL_DBGMCU_APB1_GRP1_UnFreezePeriph"
             CMD0="UPD@LL_PARAM_0=LL_DBGMCU_APB1_GRP1_WWDG_STOP"
             CMD1="DEL@LL_PARAM_1"/>
      </FUNCTION>
      <FUNCTION>        <!-- DBGMCU_Config(DBGMCU_TIM2_STOP, E/D) -->
        <SPL NAME="DBGMCU_Config"
             CMD0="EQU@SPL_PARAM_0=DBGMCU_TIM2_STOP"
             CMD1="EQU@SPL_PARAM_1=ENABLE"/>
        <LL  NAME="LL_DBGMCU_APB1_GRP1_FreezePeriph"
             CMD0="UPD@LL_PARAM_0=LL_DBGMCU_APB1_GRP1_TIM2_STOP"
             CMD1="DEL@LL_PARAM_1"/>
      </FUNCTION>
      <FUNCTION>
        <SPL NAME="DBGMCU_Config"
             CMD0="EQU@SPL_PARAM_0=DBGMCU_TIM2_STOP"
             CMD1="EQU@SPL_PARAM_1=DISABLE"/>
        <LL  NAME="LL_DBGMCU_APB1_GRP1_UnFreezePeriph"
             CMD0="UPD@LL_PARAM_0=LL_DBGMCU_APB1_GRP1_TIM2_STOP"
             CMD1="DEL@LL_PARAM_1"/>
      </FUNCTION>
      <FUNCTION>        <!-- DBGMCU_Config(DBGMCU_TIM3_STOP, E/D) -->
        <SPL NAME="DBGMCU_Config"
             CMD0="EQU@SPL_PARAM_0=DBGMCU_TIM3_STOP"
             CMD1="EQU@SPL_PARAM_1=ENABLE"/>
        <LL  NAME="LL_DBGMCU_APB1_GRP1_FreezePeriph"
             CMD0="UPD@LL_PARAM_0=LL_DBGMCU_APB1_GRP1_TIM3_STOP"
             CMD1="DEL@LL_PARAM_1"/>
      </FUNCTION>
      <FUNCTION>
        <SPL NAME="DBGMCU_Config"
             CMD0="EQU@SPL_PARAM_0=DBGMCU_TIM3_STOP"
             CMD1="EQU@SPL_PARAM_1=DISABLE"/>
        <LL  NAME="LL_DBGMCU_APB1_GRP1_UnFreezePeriph"
             CMD0="UPD@LL_PARAM_0=LL_DBGMCU_APB1_GRP1_TIM3_STOP"
             CMD1="DEL@LL_PARAM_1"/>
      </FUNCTION>
      <FUNCTION>        <!-- DBGMCU_Config(DBGMCU_TIM4_STOP, E/D) -->
        <SPL NAME="DBGMCU_Config"
             CMD0="EQU@SPL_PARAM_0=DBGMCU_TIM4_STOP"
             CMD1="EQU@SPL_PARAM_1=ENABLE"/>
        <LL  NAME="LL_DBGMCU_APB1_GRP1_FreezePeriph"
             CMD0="UPD@LL_PARAM_0=LL_DBGMCU_APB1_GRP1_TIM4_STOP"
             CMD1="DEL@LL_PARAM_1"/>
      </FUNCTION>
      <FUNCTION>
        <SPL NAME="DBGMCU_Config"
             CMD0="EQU@SPL_PARAM_0=DBGMCU_TIM4_STOP"
             CMD1="EQU@SPL_PARAM_1=DISABLE"/>
        <LL  NAME="LL_DBGMCU_APB1_GRP1_UnFreezePeriph"
             CMD0="UPD@LL_PARAM_0=LL_DBGMCU_APB1_GRP1_TIM4_STOP"
             CMD1="DEL@LL_PARAM_1"/>
      </FUNCTION>
      <FUNCTION>        <!-- DBGMCU_Config(DBGMCU_TIM5_STOP, E/D) -->
        <SPL NAME="DBGMCU_Config"
             CMD0="EQU@SPL_PARAM_0=DBGMCU_TIM5_STOP"
             CMD1="EQU@SPL_PARAM_1=ENABLE"/>
        <LL  NAME="LL_DBGMCU_APB1_GRP1_FreezePeriph"
             CMD0="UPD@LL_PARAM_0=LL_DBGMCU_APB1_GRP1_TIM5_STOP"
             CMD1="DEL@LL_PARAM_1"/>
      </FUNCTION>
      <FUNCTION>
        <SPL NAME="DBGMCU_Config"
             CMD0="EQU@SPL_PARAM_0=DBGMCU_TIM5_STOP"
             CMD1="EQU@SPL_PARAM_1=DISABLE"/>
        <LL  NAME="LL_DBGMCU_APB1_GRP1_UnFreezePeriph"
             CMD0="UPD@LL_PARAM_0=LL_DBGMCU_APB1_GRP1_TIM5_STOP"
             CMD1="DEL@LL_PARAM_1"/>
      </FUNCTION>
      <FUNCTION>        <!-- DBGMCU_Config(DBGMCU_TIM6_STOP, E/D) -->
        <SPL NAME="DBGMCU_Config"
             CMD0="EQU@SPL_PARAM_0=DBGMCU_TIM6_STOP"
             CMD1="EQU@SPL_PARAM_1=ENABLE"/>
        <LL  NAME="LL_DBGMCU_APB1_GRP1_FreezePeriph"
             CMD0="UPD@LL_PARAM_0=LL_DBGMCU_APB1_GRP1_TIM6_STOP"
             CMD1="DEL@LL_PARAM_1"/>
      </FUNCTION>
      <FUNCTION>
        <SPL NAME="DBGMCU_Config"
             CMD0="EQU@SPL_PARAM_0=DBGMCU_TIM6_STOP"
             CMD1="EQU@SPL_PARAM_1=DISABLE"/>
        <LL  NAME="LL_DBGMCU_APB1_GRP1_UnFreezePeriph"
             CMD0="UPD@LL_PARAM_0=LL_DBGMCU_APB1_GRP1_TIM6_STOP"
             CMD1="DEL@LL_PARAM_1"/>
      </FUNCTION>
      <FUNCTION>        <!-- DBGMCU_Config(DBGMCU_TIM7_STOP, E/D) -->
        <SPL NAME="DBGMCU_Config"
             CMD0="EQU@SPL_PARAM_0=DBGMCU_TIM7_STOP"
             CMD1="EQU@SPL_PARAM_1=ENABLE"/>
        <LL  NAME="LL_DBGMCU_APB1_GRP1_FreezePeriph"
             CMD0="UPD@LL_PARAM_0=LL_DBGMCU_APB1_GRP1_TIM7_STOP"
             CMD1="DEL@LL_PARAM_1"/>
      </FUNCTION>
      <FUNCTION>
        <SPL NAME="DBGMCU_Config"
             CMD0="EQU@SPL_PARAM_0=DBGMCU_TIM7_STOP"
             CMD1="EQU@SPL_PARAM_1=DISABLE"/>
        <LL  NAME="LL_DBGMCU_APB1_GRP1_UnFreezePeriph"
             CMD0="UPD@LL_PARAM_0=LL_DBGMCU_APB1_GRP1_TIM7_STOP"
             CMD1="DEL@LL_PARAM_1"/>
      </FUNCTION>
      <FUNCTION>        <!-- DBGMCU_Config(DBGMCU_TIM12_STOP, E/D) -->
        <SPL NAME="DBGMCU_Config"
             CMD0="EQU@SPL_PARAM_0=DBGMCU_TIM12_STOP"
             CMD1="EQU@SPL_PARAM_1=ENABLE"/>
        <LL  NAME="LL_DBGMCU_APB1_GRP1_FreezePeriph"
             CMD0="UPD@LL_PARAM_0=LL_DBGMCU_APB1_GRP1_TIM12_STOP"
             CMD1="DEL@LL_PARAM_1"/>
      </FUNCTION>
      <FUNCTION>
        <SPL NAME="DBGMCU_Config"
             CMD0="EQU@SPL_PARAM_0=DBGMCU_TIM12_STOP"
             CMD1="EQU@SPL_PARAM_1=DISABLE"/>
        <LL  NAME="LL_DBGMCU_APB1_GRP1_UnFreezePeriph"
             CMD0="UPD@LL_PARAM_0=LL_DBGMCU_APB1_GRP1_TIM12_STOP"
             CMD1="DEL@LL_PARAM_1"/>
      </FUNCTION>
      <FUNCTION>        <!-- DBGMCU_Config(DBGMCU_TIM13_STOP, E/D) -->
        <SPL NAME="DBGMCU_Config"
             CMD0="EQU@SPL_PARAM_0=DBGMCU_TIM13_STOP"
             CMD1="EQU@SPL_PARAM_1=ENABLE"/>
        <LL  NAME="LL_DBGMCU_APB1_GRP1_FreezePeriph"
             CMD0="UPD@LL_PARAM_0=LL_DBGMCU_APB1_GRP1_TIM13_STOP"
             CMD1="DEL@LL_PARAM_1"/>
      </FUNCTION>
      <FUNCTION>
        <SPL NAME="DBGMCU_Config"
             CMD0="EQU@SPL_PARAM_0=DBGMCU_TIM13_STOP"
             CMD1="EQU@SPL_PARAM_1=DISABLE"/>
        <LL  NAME="LL_DBGMCU_APB1_GRP1_UnFreezePeriph"
             CMD0="UPD@LL_PARAM_0=LL_DBGMCU_APB1_GRP1_TIM13_STOP"
             CMD1="DEL@LL_PARAM_1"/>
      </FUNCTION>
      <FUNCTION>        <!-- DBGMCU_Config(DBGMCU_TIM14_STOP, E/D) -->
        <SPL NAME="DBGMCU_Config"
             CMD0="EQU@SPL_PARAM_0=DBGMCU_TIM14_STOP"
             CMD1="EQU@SPL_PARAM_1=ENABLE"/>
        <LL  NAME="LL_DBGMCU_APB1_GRP1_FreezePeriph"
             CMD0="UPD@LL_PARAM_0=LL_DBGMCU_APB1_GRP1_TIM14_STOP"
             CMD1="DEL@LL_PARAM_1"/>
      </FUNCTION>
      <FUNCTION>
        <SPL NAME="DBGMCU_Config"
             CMD0="EQU@SPL_PARAM_0=DBGMCU_TIM14_STOP"
             CMD1="EQU@SPL_PARAM_1=DISABLE"/>
        <LL  NAME="LL_DBGMCU_APB1_GRP1_UnFreezePeriph"
             CMD0="UPD@LL_PARAM_0=LL_DBGMCU_APB1_GRP1_TIM14_STOP"
             CMD1="DEL@LL_PARAM_1"/>
      </FUNCTION>
      <FUNCTION>        <!-- DBGMCU_Config(DBGMCU_I2C1_SMBUS_TIMEOUT, E/D) -->
        <SPL NAME="DBGMCU_Config"
             CMD0="EQU@SPL_PARAM_0=DBGMCU_I2C1_SMBUS_TIMEOUT"
             CMD1="EQU@SPL_PARAM_1=ENABLE"/>
        <LL  NAME="LL_DBGMCU_APB1_GRP1_FreezePeriph"
             CMD0="UPD@LL_PARAM_0=LL_DBGMCU_APB1_GRP1_I2C1_STOP"
             CMD1="DEL@LL_PARAM_1"/>
      </FUNCTION>
      <FUNCTION>
        <SPL NAME="DBGMCU_Config"
             CMD0="EQU@SPL_PARAM_0=DBGMCU_I2C1_SMBUS_TIMEOUT"
             CMD1="EQU@SPL_PARAM_1=DISABLE"/>
        <LL  NAME="LL_DBGMCU_APB1_GRP1_UnFreezePeriph"
             CMD0="UPD@LL_PARAM_0=LL_DBGMCU_APB1_GRP1_I2C1_STOP"
             CMD1="DEL@LL_PARAM_1"/>
      </FUNCTION>
      <FUNCTION>        <!-- DBGMCU_Config(DBGMCU_I2C2_SMBUS_TIMEOUT, E/D) -->
        <SPL NAME="DBGMCU_Config"
             CMD0="EQU@SPL_PARAM_0=DBGMCU_I2C2_SMBUS_TIMEOUT"
             CMD1="EQU@SPL_PARAM_1=ENABLE"/>
        <LL  NAME="LL_DBGMCU_APB1_GRP1_FreezePeriph"
             CMD0="UPD@LL_PARAM_0=LL_DBGMCU_APB1_GRP1_I2C2_STOP"
             CMD1="DEL@LL_PARAM_1"/>
      </FUNCTION>
      <FUNCTION>
        <SPL NAME="DBGMCU_Config"
             CMD0="EQU@SPL_PARAM_0=DBGMCU_I2C2_SMBUS_TIMEOUT"
             CMD1="EQU@SPL_PARAM_1=DISABLE"/>
        <LL  NAME="LL_DBGMCU_APB1_GRP1_UnFreezePeriph"
             CMD0="UPD@LL_PARAM_0=LL_DBGMCU_APB1_GRP1_I2C2_STOP"
             CMD1="DEL@LL_PARAM_1"/>
      </FUNCTION>
      <FUNCTION>        <!-- DBGMCU_Config(DBGMCU_CAN1_STOP, E/D) -->
        <SPL NAME="DBGMCU_Config"
             CMD0="EQU@SPL_PARAM_0=DBGMCU_CAN1_STOP"
             CMD1="EQU@SPL_PARAM_1=ENABLE"/>
        <LL  NAME="LL_DBGMCU_APB1_GRP1_FreezePeriph"
             CMD0="UPD@LL_PARAM_0=LL_DBGMCU_APB1_GRP1_CAN1_STOP"
             CMD1="DEL@LL_PARAM_1"/>
      </FUNCTION>
      <FUNCTION>
        <SPL NAME="DBGMCU_Config"
             CMD0="EQU@SPL_PARAM_0=DBGMCU_CAN1_STOP"
             CMD1="EQU@SPL_PARAM_1=DISABLE"/>
        <LL  NAME="LL_DBGMCU_APB1_GRP1_UnFreezePeriph"
             CMD0="UPD@LL_PARAM_0=LL_DBGMCU_APB1_GRP1_CAN1_STOP"
             CMD1="DEL@LL_PARAM_1"/>
      </FUNCTION>
      <FUNCTION>        <!-- DBGMCU_Config(DBGMCU_CAN2_STOP, E/D) -->
        <SPL NAME="DBGMCU_Config"
             CMD0="EQU@SPL_PARAM_0=DBGMCU_CAN2_STOP"
             CMD1="EQU@SPL_PARAM_1=ENABLE"/>
        <LL  NAME="LL_DBGMCU_APB1_GRP1_FreezePeriph"
             CMD0="UPD@LL_PARAM_0=LL_DBGMCU_APB1_GRP1_CAN2_STOP"
             CMD1="DEL@LL_PARAM_1"/>
      </FUNCTION>
      <FUNCTION>
        <SPL NAME="DBGMCU_Config"
             CMD0="EQU@SPL_PARAM_0=DBGMCU_CAN2_STOP"
             CMD1="EQU@SPL_PARAM_1=DISABLE"/>
        <LL  NAME="LL_DBGMCU_APB1_GRP1_UnFreezePeriph"
             CMD0="UPD@LL_PARAM_0=LL_DBGMCU_APB1_GRP1_CAN2_STOP"
             CMD1="DEL@LL_PARAM_1"/>
      </FUNCTION>
      
      <FUNCTION>        <!-- DBGMCU_Config(DBGMCU_TIM1_STOP, E/D) -->
        <SPL NAME="DBGMCU_Config"
             CMD0="EQU@SPL_PARAM_0=DBGMCU_TIM1_STOP"
             CMD1="EQU@SPL_PARAM_1=ENABLE"/>
        <LL  NAME="LL_DBGMCU_APB2_GRP1_FreezePeriph"
             CMD0="UPD@LL_PARAM_0=LL_DBGMCU_APB2_GRP1_TIM1_STOP"
             CMD1="DEL@LL_PARAM_1"/>
      </FUNCTION>
      <FUNCTION>
        <SPL NAME="DBGMCU_Config"
             CMD0="EQU@SPL_PARAM_0=DBGMCU_TIM1_STOP"
             CMD1="EQU@SPL_PARAM_1=DISABLE"/>
        <LL  NAME="LL_DBGMCU_APB2_GRP1_UnFreezePeriph"
             CMD0="UPD@LL_PARAM_0=LL_DBGMCU_APB2_GRP1_TIM1_STOP"
             CMD1="DEL@LL_PARAM_1"/>
      </FUNCTION>
      <FUNCTION>        <!-- DBGMCU_Config(DBGMCU_TIM8_STOP, E/D) -->
        <SPL NAME="DBGMCU_Config"
             CMD0="EQU@SPL_PARAM_0=DBGMCU_TIM8_STOP"
             CMD1="EQU@SPL_PARAM_1=ENABLE"/>
        <LL  NAME="LL_DBGMCU_APB2_GRP1_FreezePeriph"
             CMD0="UPD@LL_PARAM_0=LL_DBGMCU_APB2_GRP1_TIM8_STOP"
             CMD1="DEL@LL_PARAM_1"/>
      </FUNCTION>
      <FUNCTION>
        <SPL NAME="DBGMCU_Config"
             CMD0="EQU@SPL_PARAM_0=DBGMCU_TIM8_STOP"
             CMD1="EQU@SPL_PARAM_1=DISABLE"/>
        <LL  NAME="LL_DBGMCU_APB2_GRP1_UnFreezePeriph"
             CMD0="UPD@LL_PARAM_0=LL_DBGMCU_APB2_GRP1_TIM8_STOP"
             CMD1="DEL@LL_PARAM_1"/>
      </FUNCTION>
      <FUNCTION>        <!-- DBGMCU_Config(DBGMCU_TIM9_STOP, E/D) -->
        <SPL NAME="DBGMCU_Config"
             CMD0="EQU@SPL_PARAM_0=DBGMCU_TIM9_STOP"
             CMD1="EQU@SPL_PARAM_1=ENABLE"/>
        <LL  NAME="LL_DBGMCU_APB2_GRP1_FreezePeriph"
             CMD0="UPD@LL_PARAM_0=LL_DBGMCU_APB2_GRP1_TIM9_STOP"
             CMD1="DEL@LL_PARAM_1"/>
      </FUNCTION>
      <FUNCTION>
        <SPL NAME="DBGMCU_Config"
             CMD0="EQU@SPL_PARAM_0=DBGMCU_TIM9_STOP"
             CMD1="EQU@SPL_PARAM_1=DISABLE"/>
        <LL  NAME="LL_DBGMCU_APB2_GRP1_UnFreezePeriph"
             CMD0="UPD@LL_PARAM_0=LL_DBGMCU_APB2_GRP1_TIM9_STOP"
             CMD1="DEL@LL_PARAM_1"/>
      </FUNCTION>
      <FUNCTION>        <!-- DBGMCU_Config(DBGMCU_TIM10_STOP, E/D) -->
        <SPL NAME="DBGMCU_Config"
             CMD0="EQU@SPL_PARAM_0=DBGMCU_TIM10_STOP"
             CMD1="EQU@SPL_PARAM_1=ENABLE"/>
        <LL  NAME="LL_DBGMCU_APB2_GRP1_FreezePeriph"
             CMD0="UPD@LL_PARAM_0=LL_DBGMCU_APB2_GRP1_TIM10_STOP"
             CMD1="DEL@LL_PARAM_1"/>
      </FUNCTION>
      <FUNCTION>
        <SPL NAME="DBGMCU_Config"
             CMD0="EQU@SPL_PARAM_0=DBGMCU_TIM10_STOP"
             CMD1="EQU@SPL_PARAM_1=DISABLE"/>
        <LL  NAME="LL_DBGMCU_APB2_GRP1_UnFreezePeriph"
             CMD0="UPD@LL_PARAM_0=LL_DBGMCU_APB2_GRP1_TIM10_STOP"
             CMD1="DEL@LL_PARAM_1"/>
      </FUNCTION>
      <FUNCTION>        <!-- DBGMCU_Config(DBGMCU_TIM11_STOP, E/D) -->
        <SPL NAME="DBGMCU_Config"
             CMD0="EQU@SPL_PARAM_0=DBGMCU_TIM11_STOP"
             CMD1="EQU@SPL_PARAM_1=ENABLE"/>
        <LL  NAME="LL_DBGMCU_APB2_GRP1_FreezePeriph"
             CMD0="UPD@LL_PARAM_0=LL_DBGMCU_APB2_GRP1_TIM11_STOP"
             CMD1="DEL@LL_PARAM_1"/>
      </FUNCTION>
      <FUNCTION>
        <SPL NAME="DBGMCU_Config"
             CMD0="EQU@SPL_PARAM_0=DBGMCU_TIM11_STOP"
             CMD1="EQU@SPL_PARAM_1=DISABLE"/>
        <LL  NAME="LL_DBGMCU_APB2_GRP1_UnFreezePeriph"
             CMD0="UPD@LL_PARAM_0=LL_DBGMCU_APB2_GRP1_TIM11_STOP"
             CMD1="DEL@LL_PARAM_1"/>
      </FUNCTION>
      <FUNCTION>        <!-- DBGMCU_Config(DBGMCU_TIM15_STOP, E/D) -->
        <SPL NAME="DBGMCU_Config"
             CMD0="EQU@SPL_PARAM_0=DBGMCU_TIM15_STOP"
             CMD1="EQU@SPL_PARAM_1=ENABLE"/>
        <LL  NAME="LL_DBGMCU_APB2_GRP1_FreezePeriph"
             CMD0="UPD@LL_PARAM_0=LL_DBGMCU_APB2_GRP1_TIM15_STOP"
             CMD1="DEL@LL_PARAM_1"/>
      </FUNCTION>
      <FUNCTION>
        <SPL NAME="DBGMCU_Config"
             CMD0="EQU@SPL_PARAM_0=DBGMCU_TIM15_STOP"
             CMD1="EQU@SPL_PARAM_1=DISABLE"/>
        <LL  NAME="LL_DBGMCU_APB2_GRP1_UnFreezePeriph"
             CMD0="UPD@LL_PARAM_0=LL_DBGMCU_APB2_GRP1_TIM15_STOP"
             CMD1="DEL@LL_PARAM_1"/>
      </FUNCTION>
      <FUNCTION>        <!-- DBGMCU_Config(DBGMCU_TIM16_STOP, E/D) -->
        <SPL NAME="DBGMCU_Config"
             CMD0="EQU@SPL_PARAM_0=DBGMCU_TIM16_STOP"
             CMD1="EQU@SPL_PARAM_1=ENABLE"/>
        <LL  NAME="LL_DBGMCU_APB2_GRP1_FreezePeriph"
             CMD0="UPD@LL_PARAM_0=LL_DBGMCU_APB2_GRP1_TIM16_STOP"
             CMD1="DEL@LL_PARAM_1"/>
      </FUNCTION>
      <FUNCTION>
        <SPL NAME="DBGMCU_Config"
             CMD0="EQU@SPL_PARAM_0=DBGMCU_TIM16_STOP"
             CMD1="EQU@SPL_PARAM_1=DISABLE"/>
        <LL  NAME="LL_DBGMCU_APB2_GRP1_UnFreezePeriph"
             CMD0="UPD@LL_PARAM_0=LL_DBGMCU_APB2_GRP1_TIM16_STOP"
             CMD1="DEL@LL_PARAM_1"/>
      </FUNCTION>
      <FUNCTION>        <!-- DBGMCU_Config(DBGMCU_TIM17_STOP, E/D) -->
        <SPL NAME="DBGMCU_Config"
             CMD0="EQU@SPL_PARAM_0=DBGMCU_TIM17_STOP"
             CMD1="EQU@SPL_PARAM_1=ENABLE"/>
        <LL  NAME="LL_DBGMCU_APB2_GRP1_FreezePeriph"
             CMD0="UPD@LL_PARAM_0=LL_DBGMCU_APB2_GRP1_TIM17_STOP"
             CMD1="DEL@LL_PARAM_1"/>
      </FUNCTION>
      <FUNCTION>
        <SPL NAME="DBGMCU_Config"
             CMD0="EQU@SPL_PARAM_0=DBGMCU_TIM17_STOP"
             CMD1="EQU@SPL_PARAM_1=DISABLE"/>
        <LL  NAME="LL_DBGMCU_APB2_GRP1_UnFreezePeriph"
             CMD0="UPD@LL_PARAM_0=LL_DBGMCU_APB2_GRP1_TIM17_STOP"
             CMD1="DEL@LL_PARAM_1"/>
      </FUNCTION>
    </FUNCTIONS>
    </VERSION>
  </SPECIFIC>
</IP>
