<?xml version="1.0" encoding="utf-8"?>
<IP NAME="EXTI">
  <COMMON>
    <LITERALS>
       <!-- ################ EXTI LINES ################ -->
      <LITERAL>
        <SPL>EXTI_Line0</SPL>
        <LL>LL_EXTI_LINE_0</LL>
      </LITERAL>
      <LITERAL>
        <SPL>EXTI_Line1</SPL>
        <LL>LL_EXTI_LINE_1</LL>
      </LITERAL>
      <LITERAL>
        <SPL>EXTI_Line2</SPL>
        <LL>LL_EXTI_LINE_2</LL>
      </LITERAL>
      <LITERAL>
        <SPL>EXTI_Line3</SPL>
        <LL>LL_EXTI_LINE_3</LL>
      </LITERAL>
      <LITERAL>
        <SPL>EXTI_Line4</SPL>
        <LL>LL_EXTI_LINE_4</LL>
      </LITERAL>
      <LITERAL>
        <SPL>EXTI_Line5</SPL>
        <LL>LL_EXTI_LINE_5</LL>
      </LITERAL>
      <LITERAL>
        <SPL>EXTI_Line6</SPL>
        <LL>LL_EXTI_LINE_6</LL>
      </LITERAL>
      <LITERAL>
        <SPL>EXTI_Line7</SPL>
        <LL>LL_EXTI_LINE_7</LL>
      </LITERAL>
      <LITERAL>
        <SPL>EXTI_Line8</SPL>
        <LL>LL_EXTI_LINE_8</LL>
      </LITERAL>
      <LITERAL>
        <SPL>EXTI_Line9</SPL>
        <LL>LL_EXTI_LINE_9</LL>
      </LITERAL>
      <LITERAL>
        <SPL>EXTI_Line10</SPL>
        <LL>LL_EXTI_LINE_10</LL>
      </LITERAL>
      <LITERAL>
        <SPL>EXTI_Line11</SPL>
        <LL>LL_EXTI_LINE_11</LL>
      </LITERAL>
      <LITERAL>
        <SPL>EXTI_Line12</SPL>
        <LL>LL_EXTI_LINE_12</LL>
      </LITERAL>
      <LITERAL>
        <SPL>EXTI_Line13</SPL>
        <LL>LL_EXTI_LINE_13</LL>
      </LITERAL>
      <LITERAL>
        <SPL>EXTI_Line14</SPL>
        <LL>LL_EXTI_LINE_14</LL>
      </LITERAL>
      <LITERAL>
        <SPL>EXTI_Line15</SPL>
        <LL>LL_EXTI_LINE_15</LL>
      </LITERAL>
      <LITERAL>
        <SPL>EXTI_Line16</SPL>
        <LL>LL_EXTI_LINE_16</LL>
      </LITERAL>
      <LITERAL>
        <SPL>EXTI_Line17</SPL>
        <LL>LL_EXTI_LINE_17</LL>
      </LITERAL>
      <LITERAL>
        <SPL>EXTI_Line18</SPL>
        <LL>LL_EXTI_LINE_18</LL>
      </LITERAL>
      <LITERAL>
        <SPL>EXTI_Line19</SPL>
        <LL>LL_EXTI_LINE_19</LL>
      </LITERAL>
      <LITERAL>
        <SPL>EXTI_Line20</SPL>
        <LL>LL_EXTI_LINE_20</LL>
      </LITERAL>
      <LITERAL>
        <SPL>EXTI_Line21</SPL>
        <LL>LL_EXTI_LINE_21</LL>
      </LITERAL>
      <LITERAL>
        <SPL>EXTI_Line22</SPL>
        <LL>LL_EXTI_LINE_22</LL>
      </LITERAL>
      <LITERAL>
        <SPL>EXTI_Line23</SPL>
        <LL>LL_EXTI_LINE_23</LL>
      </LITERAL>
      <LITERAL>
        <SPL>EXTI_Line24</SPL>
        <LL>LL_EXTI_LINE_24</LL>
      </LITERAL>
      <LITERAL>
        <SPL>EXTI_Line25</SPL>
        <LL>LL_EXTI_LINE_25</LL>
      </LITERAL>
      <LITERAL>
        <SPL>EXTI_Line26</SPL>
        <LL>LL_EXTI_LINE_26</LL>
      </LITERAL>
      <LITERAL>
        <SPL>EXTI_Line27</SPL>
        <LL>LL_EXTI_LINE_27</LL>
      </LITERAL>
      <LITERAL>
        <SPL>EXTI_Line28</SPL>
        <LL>LL_EXTI_LINE_28</LL>
      </LITERAL>
      <LITERAL>
        <SPL>EXTI_Line29</SPL>
        <LL>LL_EXTI_LINE_29</LL>
      </LITERAL>
      <LITERAL>
        <SPL>EXTI_Line30</SPL>
        <LL>LL_EXTI_LINE_30</LL>
      </LITERAL>
      <LITERAL>
        <SPL>EXTI_Line31</SPL>
        <LL>LL_EXTI_LINE_31</LL>
      </LITERAL>
      <LITERAL>
        <SPL>EXTI_LINENONE</SPL>
        <LL>LL_EXTI_LINE_NONE</LL>
      </LITERAL>
      
      
       <!-- ################ EXTI Trigger ################ -->
      
      <LITERAL>
        <SPL>EXTI_Trigger_Rising</SPL>
        <LL>LL_EXTI_TRIGGER_RISING</LL>
      </LITERAL>
      <LITERAL>
        <SPL>EXTI_Trigger_Falling</SPL>
        <LL>LL_EXTI_TRIGGER_FALLING</LL>
      </LITERAL>      
      <LITERAL>
        <SPL>EXTI_Trigger_Rising_Falling</SPL>
        <LL>LL_EXTI_TRIGGER_RISING_FALLING</LL>
      </LITERAL>
      
       <!-- ################ EXTI MODE ################ -->
      <LITERAL>
        <SPL>EXTI_Mode_Interrupt</SPL>
        <LL>LL_EXTI_MODE_IT</LL>
      </LITERAL>
      <LITERAL>
        <SPL>EXTI_Mode_Event</SPL>
        <LL>LL_EXTI_MODE_EVENT</LL>
      </LITERAL>
      
       <!-- ################ EXTI Structures Typedef ################ -->
      <LITERAL>
        <SPL>EXTI_InitTypeDef</SPL>
        <LL>LL_EXTI_InitTypeDef</LL>
      </LITERAL>
      
      <!-- ################ This Field is SPECIFIC TO SYSCFG Database ################ -->
      <LITERAL><SPL>EXTI_PinSource0</SPL><LL>LL_SYSCFG_EXTI_LINE0</LL></LITERAL>
      <LITERAL><SPL>EXTI_PinSource1</SPL><LL>LL_SYSCFG_EXTI_LINE1</LL></LITERAL>
      <LITERAL><SPL>EXTI_PinSource2</SPL><LL>LL_SYSCFG_EXTI_LINE2</LL></LITERAL>
      <LITERAL><SPL>EXTI_PinSource3</SPL><LL>LL_SYSCFG_EXTI_LINE3</LL></LITERAL>
      <LITERAL><SPL>EXTI_PinSource4</SPL><LL>LL_SYSCFG_EXTI_LINE4</LL></LITERAL>
      <LITERAL><SPL>EXTI_PinSource5</SPL><LL>LL_SYSCFG_EXTI_LINE5</LL></LITERAL>
      <LITERAL><SPL>EXTI_PinSource6</SPL><LL>LL_SYSCFG_EXTI_LINE6</LL></LITERAL>
      <LITERAL><SPL>EXTI_PinSource7</SPL><LL>LL_SYSCFG_EXTI_LINE7</LL></LITERAL>
      <LITERAL><SPL>EXTI_PinSource8</SPL><LL>LL_SYSCFG_EXTI_LINE8</LL></LITERAL>
      <LITERAL><SPL>EXTI_PinSource9</SPL><LL>LL_SYSCFG_EXTI_LINE9</LL></LITERAL>
      <LITERAL><SPL>EXTI_PinSource10</SPL><LL>LL_SYSCFG_EXTI_LINE10</LL></LITERAL>
      <LITERAL><SPL>EXTI_PinSource11</SPL><LL>LL_SYSCFG_EXTI_LINE11</LL></LITERAL>
      <LITERAL><SPL>EXTI_PinSource12</SPL><LL>LL_SYSCFG_EXTI_LINE12</LL></LITERAL>
      <LITERAL><SPL>EXTI_PinSource13</SPL><LL>LL_SYSCFG_EXTI_LINE13</LL></LITERAL>
      <LITERAL><SPL>EXTI_PinSource14</SPL><LL>LL_SYSCFG_EXTI_LINE14</LL></LITERAL>
      <LITERAL><SPL>EXTI_PinSource15</SPL><LL>LL_SYSCFG_EXTI_LINE15</LL></LITERAL>
      
      <LITERAL><SPL>EXTI_PortSourceGPIOA</SPL><LL>LL_SYSCFG_EXTI_PORTA</LL></LITERAL>
      <LITERAL><SPL>EXTI_PortSourceGPIOB</SPL><LL>LL_SYSCFG_EXTI_PORTB</LL></LITERAL>
      <LITERAL><SPL>EXTI_PortSourceGPIOC</SPL><LL>LL_SYSCFG_EXTI_PORTC</LL></LITERAL>
      <LITERAL><SPL>EXTI_PortSourceGPIOD</SPL><LL>LL_SYSCFG_EXTI_PORTD</LL></LITERAL>
      <LITERAL><SPL>EXTI_PortSourceGPIOE</SPL><LL>LL_SYSCFG_EXTI_PORTE</LL></LITERAL>
      <LITERAL><SPL>EXTI_PortSourceGPIOF</SPL><LL>LL_SYSCFG_EXTI_PORTF</LL></LITERAL>
      <LITERAL><SPL>EXTI_PortSourceGPIOG</SPL><LL>LL_SYSCFG_EXTI_PORTG</LL><AVAILABLE>STM32F2</AVAILABLE><AVAILABLE>STM32F30</AVAILABLE><AVAILABLE>STM32F4</AVAILABLE><AVAILABLE>STM32L1</AVAILABLE></LITERAL>
      <LITERAL><SPL>EXTI_PortSourceGPIOH</SPL><LL>LL_SYSCFG_EXTI_PORTH</LL><AVAILABLE>STM32F2</AVAILABLE><AVAILABLE>STM32F30</AVAILABLE><AVAILABLE>STM32F4</AVAILABLE><AVAILABLE>STM32L1</AVAILABLE></LITERAL>
      <LITERAL><SPL>EXTI_PortSourceGPIOI</SPL><LL>LL_SYSCFG_EXTI_PORTI</LL><AVAILABLE>STM32F2</AVAILABLE><AVAILABLE>STM32F4</AVAILABLE></LITERAL>
      <LITERAL><SPL>EXTI_PortSourceGPIOJ</SPL><LL>LL_SYSCFG_EXTI_PORTJ</LL><AVAILABLE>STM32F4</AVAILABLE></LITERAL>
      <LITERAL><SPL>EXTI_PortSourceGPIOK</SPL><LL>LL_SYSCFG_EXTI_PORTK</LL><AVAILABLE>STM32F4</AVAILABLE></LITERAL>

    </LITERALS>

    <STRUCTURES>
	     <STRUCTURE NAME="EXTI_InitTypeDef">
           <FIELD>
             <SPL>EXTI_Line</SPL>
             <LL>Line_0_31</LL>
           </FIELD>
           <FIELD>
             <SPL>EXTI_Mode</SPL>
             <LL>Mode</LL>
           </FIELD>
           <FIELD>
             <SPL>EXTI_Trigger</SPL>
             <LL>Trigger</LL>
           </FIELD>
           <FIELD>
             <SPL>EXTI_LineCmd</SPL>
             <LL>LineCommand</LL>
           </FIELD>
         </STRUCTURE>
    </STRUCTURES>

    <FUNCTIONS>
      <!-- ################ Init/DeInit Functions ################ -->
      <FUNCTION>
          <SPL NAME="EXTI_DeInit" />
          <LL  NAME="LL_EXTI_DeInit"  /> 
      </FUNCTION>

      <FUNCTION>
          <SPL NAME="EXTI_Init" />
          <LL  NAME="LL_EXTI_Init" 
               CMD0="UPD@LL_PARAM_0={CPY@SPL_PARAM_0}" /> 
      </FUNCTION>

      <FUNCTION>
          <SPL NAME="EXTI_StructInit" />
          <LL  NAME="LL_EXTI_StructInit" 
               CMD0="UPD@LL_PARAM_0={CPY@SPL_PARAM_0}" /> 
      </FUNCTION>
      
      <!-- ################ Exported Functions ################ -->
      
      <!--       EXTI_GenerateSWInterrupt     --> 
      <FUNCTION>
           <SPL NAME="EXTI_GenerateSWInterrupt"
                CMD0="EQU@SPL_PARAM_0=EXTI_Line0" />
           <LL  NAME="LL_EXTI_GenerateSWI_0_31"
                CMD0="UPD@LL_PARAM_0={UPD@SPL_PARAM_0}" />
      </FUNCTION>
      <FUNCTION>
           <SPL NAME="EXTI_GenerateSWInterrupt"
                CMD0="EQU@SPL_PARAM_0=EXTI_Line1" />
           <LL  NAME="LL_EXTI_GenerateSWI_0_31"
                CMD0="UPD@LL_PARAM_0={UPD@SPL_PARAM_0}" />
      </FUNCTION>
      <FUNCTION>
           <SPL NAME="EXTI_GenerateSWInterrupt"
                CMD0="EQU@SPL_PARAM_0=EXTI_Line2" />
           <LL  NAME="LL_EXTI_GenerateSWI_0_31"
                CMD0="UPD@LL_PARAM_0={UPD@SPL_PARAM_0}" />
      </FUNCTION>
      <FUNCTION>
           <SPL NAME="EXTI_GenerateSWInterrupt"
                CMD0="EQU@SPL_PARAM_0=EXTI_Line3" />
           <LL  NAME="LL_EXTI_GenerateSWI_0_31"
                CMD0="UPD@LL_PARAM_0={UPD@SPL_PARAM_0}" />
      </FUNCTION>
      <FUNCTION>
           <SPL NAME="EXTI_GenerateSWInterrupt"
                CMD0="EQU@SPL_PARAM_0=EXTI_Line4" />
           <LL  NAME="LL_EXTI_GenerateSWI_0_31"
                CMD0="UPD@LL_PARAM_0={UPD@SPL_PARAM_0}" />
      </FUNCTION>
      <FUNCTION>
           <SPL NAME="EXTI_GenerateSWInterrupt"
                CMD0="EQU@SPL_PARAM_0=EXTI_Line5" />
           <LL  NAME="LL_EXTI_GenerateSWI_0_31"
                CMD0="UPD@LL_PARAM_0={UPD@SPL_PARAM_0}" />
      </FUNCTION>
      <FUNCTION>
           <SPL NAME="EXTI_GenerateSWInterrupt"
                CMD0="EQU@SPL_PARAM_0=EXTI_Line6" />
           <LL  NAME="LL_EXTI_GenerateSWI_0_31"
                CMD0="UPD@LL_PARAM_0={UPD@SPL_PARAM_0}" />
      </FUNCTION>
      <FUNCTION>
           <SPL NAME="EXTI_GenerateSWInterrupt"
                CMD0="EQU@SPL_PARAM_0=EXTI_Line7" />
           <LL  NAME="LL_EXTI_GenerateSWI_0_31"
                CMD0="UPD@LL_PARAM_0={UPD@SPL_PARAM_0}" />
      </FUNCTION>
      <FUNCTION>
           <SPL NAME="EXTI_GenerateSWInterrupt"
                CMD0="EQU@SPL_PARAM_0=EXTI_Line8" />
           <LL  NAME="LL_EXTI_GenerateSWI_0_31"
                CMD0="UPD@LL_PARAM_0={UPD@SPL_PARAM_0}" />
      </FUNCTION>
      <FUNCTION>
           <SPL NAME="EXTI_GenerateSWInterrupt"
                CMD0="EQU@SPL_PARAM_0=EXTI_Line9" />
           <LL  NAME="LL_EXTI_GenerateSWI_0_31"
                CMD0="UPD@LL_PARAM_0={UPD@SPL_PARAM_0}" />
      </FUNCTION>
      <FUNCTION>
           <SPL NAME="EXTI_GenerateSWInterrupt"
                CMD0="EQU@SPL_PARAM_0=EXTI_Line10" />
           <LL  NAME="LL_EXTI_GenerateSWI_0_31"
                CMD0="UPD@LL_PARAM_0={UPD@SPL_PARAM_0}" />
      </FUNCTION>
      <FUNCTION>
           <SPL NAME="EXTI_GenerateSWInterrupt"
                CMD0="EQU@SPL_PARAM_0=EXTI_Line11" />
           <LL  NAME="LL_EXTI_GenerateSWI_0_31"
                CMD0="UPD@LL_PARAM_0={UPD@SPL_PARAM_0}" />
      </FUNCTION>
      <FUNCTION>
           <SPL NAME="EXTI_GenerateSWInterrupt"
                CMD0="EQU@SPL_PARAM_0=EXTI_Line12" />
           <LL  NAME="LL_EXTI_GenerateSWI_0_31"
                CMD0="UPD@LL_PARAM_0={UPD@SPL_PARAM_0}" />
      </FUNCTION>
      <FUNCTION>
           <SPL NAME="EXTI_GenerateSWInterrupt"
                CMD0="EQU@SPL_PARAM_0=EXTI_Line13" />
           <LL  NAME="LL_EXTI_GenerateSWI_0_31"
                CMD0="UPD@LL_PARAM_0={UPD@SPL_PARAM_0}" />
      </FUNCTION>
      <FUNCTION>
           <SPL NAME="EXTI_GenerateSWInterrupt"
                CMD0="EQU@SPL_PARAM_0=EXTI_Line14" />
           <LL  NAME="LL_EXTI_GenerateSWI_0_31"
                CMD0="UPD@LL_PARAM_0={UPD@SPL_PARAM_0}" />
      </FUNCTION>
      <FUNCTION>
           <SPL NAME="EXTI_GenerateSWInterrupt"
                CMD0="EQU@SPL_PARAM_0=EXTI_Line15" />
           <LL  NAME="LL_EXTI_GenerateSWI_0_31"
                CMD0="UPD@LL_PARAM_0={UPD@SPL_PARAM_0}" />
      </FUNCTION>

      <FUNCTION>
           <SPL NAME="EXTI_GenerateSWInterrupt"
                CMD0="EQU@SPL_PARAM_0=EXTI_Line16" />
           <LL  NAME="LL_EXTI_GenerateSWI_0_31"
                CMD0="UPD@LL_PARAM_0={UPD@SPL_PARAM_0}" />
      </FUNCTION>
      <FUNCTION>
           <SPL NAME="EXTI_GenerateSWInterrupt"
                CMD0="EQU@SPL_PARAM_0=EXTI_Line17" />
           <LL  NAME="LL_EXTI_GenerateSWI_0_31"
                CMD0="UPD@LL_PARAM_0={UPD@SPL_PARAM_0}" />
      </FUNCTION>
      <FUNCTION>
           <SPL NAME="EXTI_GenerateSWInterrupt"
                CMD0="EQU@SPL_PARAM_0=EXTI_Line18" />
           <LL  NAME="LL_EXTI_GenerateSWI_0_31"
                CMD0="UPD@LL_PARAM_0={UPD@SPL_PARAM_0}" />
      </FUNCTION>
      <FUNCTION>
           <SPL NAME="EXTI_GenerateSWInterrupt"
                CMD0="EQU@SPL_PARAM_0=EXTI_Line19" />
           <LL  NAME="LL_EXTI_GenerateSWI_0_31"
                CMD0="UPD@LL_PARAM_0={UPD@SPL_PARAM_0}" />
      </FUNCTION>
      <FUNCTION>
           <SPL NAME="EXTI_GenerateSWInterrupt"
                CMD0="EQU@SPL_PARAM_0=EXTI_Line20" />
           <LL  NAME="LL_EXTI_GenerateSWI_0_31"
                CMD0="UPD@LL_PARAM_0={UPD@SPL_PARAM_0}" />
      </FUNCTION>
      <FUNCTION>
           <SPL NAME="EXTI_GenerateSWInterrupt"
                CMD0="EQU@SPL_PARAM_0=EXTI_Line21" />
           <LL  NAME="LL_EXTI_GenerateSWI_0_31"
                CMD0="UPD@LL_PARAM_0={UPD@SPL_PARAM_0}" />
      </FUNCTION>
      <FUNCTION>
           <SPL NAME="EXTI_GenerateSWInterrupt"
                CMD0="EQU@SPL_PARAM_0=EXTI_Line22" />
           <LL  NAME="LL_EXTI_GenerateSWI_0_31"
                CMD0="UPD@LL_PARAM_0={UPD@SPL_PARAM_0}" />
      </FUNCTION>
      <FUNCTION>
           <SPL NAME="EXTI_GenerateSWInterrupt"
                CMD0="EQU@SPL_PARAM_0=EXTI_Line23" />
           <LL  NAME="LL_EXTI_GenerateSWI_0_31"
                CMD0="UPD@LL_PARAM_0={UPD@SPL_PARAM_0}" />
      </FUNCTION>
      <FUNCTION>
           <SPL NAME="EXTI_GenerateSWInterrupt"
                CMD0="EQU@SPL_PARAM_0=EXTI_Line24" />
           <LL  NAME="LL_EXTI_GenerateSWI_0_31"
                CMD0="UPD@LL_PARAM_0={UPD@SPL_PARAM_0}" />
      </FUNCTION>
      <FUNCTION>
           <SPL NAME="EXTI_GenerateSWInterrupt"
                CMD0="EQU@SPL_PARAM_0=EXTI_Line25" />
           <LL  NAME="LL_EXTI_GenerateSWI_0_31"
                CMD0="UPD@LL_PARAM_0={UPD@SPL_PARAM_0}" />
      </FUNCTION>
      <FUNCTION>
           <SPL NAME="EXTI_GenerateSWInterrupt"
                CMD0="EQU@SPL_PARAM_0=EXTI_Line26" />
           <LL  NAME="LL_EXTI_GenerateSWI_0_31"
                CMD0="UPD@LL_PARAM_0={UPD@SPL_PARAM_0}" />
      </FUNCTION>
      <FUNCTION>
           <SPL NAME="EXTI_GenerateSWInterrupt"
                CMD0="EQU@SPL_PARAM_0=EXTI_Line27" />
           <LL  NAME="LL_EXTI_GenerateSWI_0_31"
                CMD0="UPD@LL_PARAM_0={UPD@SPL_PARAM_0}" />
      </FUNCTION>
      <FUNCTION>
           <SPL NAME="EXTI_GenerateSWInterrupt"
                CMD0="EQU@SPL_PARAM_0=EXTI_Line28" />
           <LL  NAME="LL_EXTI_GenerateSWI_0_31"
                CMD0="UPD@LL_PARAM_0={UPD@SPL_PARAM_0}" />
      </FUNCTION>
      <FUNCTION>
           <SPL NAME="EXTI_GenerateSWInterrupt"
                CMD0="EQU@SPL_PARAM_0=EXTI_Line29" />
           <LL  NAME="LL_EXTI_GenerateSWI_0_31"
                CMD0="UPD@LL_PARAM_0={UPD@SPL_PARAM_0}" />
      </FUNCTION>
      <FUNCTION>
           <SPL NAME="EXTI_GenerateSWInterrupt"
                CMD0="EQU@SPL_PARAM_0=EXTI_Line30" />
           <LL  NAME="LL_EXTI_GenerateSWI_0_31"
                CMD0="UPD@LL_PARAM_0={UPD@SPL_PARAM_0}" />
      </FUNCTION>
      <FUNCTION>
           <SPL NAME="EXTI_GenerateSWInterrupt"
                CMD0="EQU@SPL_PARAM_0=EXTI_Line31" />
           <LL  NAME="LL_EXTI_GenerateSWI_0_31"
                CMD0="UPD@LL_PARAM_0={UPD@SPL_PARAM_0}" />
      </FUNCTION>
      <FUNCTION>
           <SPL NAME="EXTI_GenerateSWInterrupt"
                CMD0="EQU@SPL_PARAM_0=EXTI_Line32" />
           <LL  NAME="LL_EXTI_GenerateSWI_32_63"
                CMD0="UPD@LL_PARAM_0={UPD@SPL_PARAM_0}" />
      </FUNCTION>

      <FUNCTION>
           <SPL NAME="EXTI_GenerateSWInterrupt"
                CMD0="EQU@SPL_PARAM_0=EXTI_Line33" />
           <LL  NAME="LL_EXTI_GenerateSWI_32_63"
                CMD0="UPD@LL_PARAM_0={UPD@SPL_PARAM_0}" />
      </FUNCTION>
      <FUNCTION>
           <SPL NAME="EXTI_GenerateSWInterrupt"
                CMD0="EQU@SPL_PARAM_0=EXTI_Line34" />
           <LL  NAME="LL_EXTI_GenerateSWI_32_63"
                CMD0="UPD@LL_PARAM_0={UPD@SPL_PARAM_0}" />
      </FUNCTION>
      <FUNCTION>
           <SPL NAME="EXTI_GenerateSWInterrupt"
                CMD0="EQU@SPL_PARAM_0=EXTI_Line35" />
           <LL  NAME="LL_EXTI_GenerateSWI_32_63"
                CMD0="UPD@LL_PARAM_0={UPD@SPL_PARAM_0}" />
      </FUNCTION>

         <!--       EXTI_GetFlagStatus     --> 
      <FUNCTION>
           <SPL NAME="EXTI_GetFlagStatus"
                CMD0="EQU@SPL_PARAM_0=EXTI_Line0" />
           <LL  NAME="LL_EXTI_ReadFlag_0_31"
                CMD0="UPD@LL_PARAM_0={UPD@SPL_PARAM_0}" />
      </FUNCTION>
      <FUNCTION>
           <SPL NAME="EXTI_GetFlagStatus"
                CMD0="EQU@SPL_PARAM_0=EXTI_Line1" />
           <LL  NAME="LL_EXTI_ReadFlag_0_31"
                CMD0="UPD@LL_PARAM_0={UPD@SPL_PARAM_0}" />
      </FUNCTION>
      <FUNCTION>
           <SPL NAME="EXTI_GetFlagStatus"
                CMD0="EQU@SPL_PARAM_0=EXTI_Line2" />
           <LL  NAME="LL_EXTI_ReadFlag_0_31"
                CMD0="UPD@LL_PARAM_0={UPD@SPL_PARAM_0}" />
      </FUNCTION>
      <FUNCTION>
           <SPL NAME="EXTI_GetFlagStatus"
                CMD0="EQU@SPL_PARAM_0=EXTI_Line3" />
           <LL  NAME="LL_EXTI_ReadFlag_0_31"
                CMD0="UPD@LL_PARAM_0={UPD@SPL_PARAM_0}" />
      </FUNCTION>
      <FUNCTION>
           <SPL NAME="EXTI_GetFlagStatus"
                CMD0="EQU@SPL_PARAM_0=EXTI_Line4" />
           <LL  NAME="LL_EXTI_ReadFlag_0_31"
                CMD0="UPD@LL_PARAM_0={UPD@SPL_PARAM_0}" />
      </FUNCTION>
      <FUNCTION>
           <SPL NAME="EXTI_GetFlagStatus"
                CMD0="EQU@SPL_PARAM_0=EXTI_Line5" />
           <LL  NAME="LL_EXTI_ReadFlag_0_31"
                CMD0="UPD@LL_PARAM_0={UPD@SPL_PARAM_0}" />
      </FUNCTION>
      <FUNCTION>
           <SPL NAME="EXTI_GetFlagStatus"
                CMD0="EQU@SPL_PARAM_0=EXTI_Line6" />
           <LL  NAME="LL_EXTI_ReadFlag_0_31"
                CMD0="UPD@LL_PARAM_0={UPD@SPL_PARAM_0}" />
      </FUNCTION>
      <FUNCTION>
           <SPL NAME="EXTI_GetFlagStatus"
                CMD0="EQU@SPL_PARAM_0=EXTI_Line7" />
           <LL  NAME="LL_EXTI_ReadFlag_0_31"
                CMD0="UPD@LL_PARAM_0={UPD@SPL_PARAM_0}" />
      </FUNCTION>
      <FUNCTION>
           <SPL NAME="EXTI_GetFlagStatus"
                CMD0="EQU@SPL_PARAM_0=EXTI_Line8" />
           <LL  NAME="LL_EXTI_ReadFlag_0_31"
                CMD0="UPD@LL_PARAM_0={UPD@SPL_PARAM_0}" />
      </FUNCTION>
      <FUNCTION>
           <SPL NAME="EXTI_GetFlagStatus"
                CMD0="EQU@SPL_PARAM_0=EXTI_Line9" />
           <LL  NAME="LL_EXTI_ReadFlag_0_31"
                CMD0="UPD@LL_PARAM_0={UPD@SPL_PARAM_0}" />
      </FUNCTION>
      <FUNCTION>
           <SPL NAME="EXTI_GetFlagStatus"
                CMD0="EQU@SPL_PARAM_0=EXTI_Line10" />
           <LL  NAME="LL_EXTI_ReadFlag_0_31"
                CMD0="UPD@LL_PARAM_0={UPD@SPL_PARAM_0}" />
      </FUNCTION>
      <FUNCTION>
           <SPL NAME="EXTI_GetFlagStatus"
                CMD0="EQU@SPL_PARAM_0=EXTI_Line11" />
           <LL  NAME="LL_EXTI_ReadFlag_0_31"
                CMD0="UPD@LL_PARAM_0={UPD@SPL_PARAM_0}" />
      </FUNCTION>
      <FUNCTION>
           <SPL NAME="EXTI_GetFlagStatus"
                CMD0="EQU@SPL_PARAM_0=EXTI_Line12" />
           <LL  NAME="LL_EXTI_ReadFlag_0_31"
                CMD0="UPD@LL_PARAM_0={UPD@SPL_PARAM_0}" />
      </FUNCTION>
      <FUNCTION>
           <SPL NAME="EXTI_GetFlagStatus"
                CMD0="EQU@SPL_PARAM_0=EXTI_Line13" />
           <LL  NAME="LL_EXTI_ReadFlag_0_31"
                CMD0="UPD@LL_PARAM_0={UPD@SPL_PARAM_0}" />
      </FUNCTION>
      <FUNCTION>
           <SPL NAME="EXTI_GetFlagStatus"
                CMD0="EQU@SPL_PARAM_0=EXTI_Line14" />
           <LL  NAME="LL_EXTI_ReadFlag_0_31"
                CMD0="UPD@LL_PARAM_0={UPD@SPL_PARAM_0}" />
      </FUNCTION>
      <FUNCTION>
           <SPL NAME="EXTI_GetFlagStatus"
                CMD0="EQU@SPL_PARAM_0=EXTI_Line15" />
           <LL  NAME="LL_EXTI_ReadFlag_0_31"
                CMD0="UPD@LL_PARAM_0={UPD@SPL_PARAM_0}" />
      </FUNCTION>

      <FUNCTION>
           <SPL NAME="EXTI_GetFlagStatus"
                CMD0="EQU@SPL_PARAM_0=EXTI_Line16" />
           <LL  NAME="LL_EXTI_ReadFlag_0_31"
                CMD0="UPD@LL_PARAM_0={UPD@SPL_PARAM_0}" />
      </FUNCTION>
      <FUNCTION>
           <SPL NAME="EXTI_GetFlagStatus"
                CMD0="EQU@SPL_PARAM_0=EXTI_Line17" />
           <LL  NAME="LL_EXTI_ReadFlag_0_31"
                CMD0="UPD@LL_PARAM_0={UPD@SPL_PARAM_0}" />
      </FUNCTION>
      <FUNCTION>
           <SPL NAME="EXTI_GetFlagStatus"
                CMD0="EQU@SPL_PARAM_0=EXTI_Line18" />
           <LL  NAME="LL_EXTI_ReadFlag_0_31"
                CMD0="UPD@LL_PARAM_0={UPD@SPL_PARAM_0}" />
      </FUNCTION>
      <FUNCTION>
           <SPL NAME="EXTI_GetFlagStatus"
                CMD0="EQU@SPL_PARAM_0=EXTI_Line19" />
           <LL  NAME="LL_EXTI_ReadFlag_0_31"
                CMD0="UPD@LL_PARAM_0={UPD@SPL_PARAM_0}" />
      </FUNCTION>
      <FUNCTION>
           <SPL NAME="EXTI_GetFlagStatus"
                CMD0="EQU@SPL_PARAM_0=EXTI_Line20" />
           <LL  NAME="LL_EXTI_ReadFlag_0_31"
                CMD0="UPD@LL_PARAM_0={UPD@SPL_PARAM_0}" />
      </FUNCTION>
      <FUNCTION>
           <SPL NAME="EXTI_GetFlagStatus"
                CMD0="EQU@SPL_PARAM_0=EXTI_Line21" />
           <LL  NAME="LL_EXTI_ReadFlag_0_31"
                CMD0="UPD@LL_PARAM_0={UPD@SPL_PARAM_0}" />
      </FUNCTION>
      <FUNCTION>
           <SPL NAME="EXTI_GetFlagStatus"
                CMD0="EQU@SPL_PARAM_0=EXTI_Line22" />
           <LL  NAME="LL_EXTI_ReadFlag_0_31"
                CMD0="UPD@LL_PARAM_0={UPD@SPL_PARAM_0}" />
      </FUNCTION>
      <FUNCTION>
           <SPL NAME="EXTI_GetFlagStatus"
                CMD0="EQU@SPL_PARAM_0=EXTI_Line23" />
           <LL  NAME="LL_EXTI_ReadFlag_0_31"
                CMD0="UPD@LL_PARAM_0={UPD@SPL_PARAM_0}" />
      </FUNCTION>
      <FUNCTION>
           <SPL NAME="EXTI_GetFlagStatus"
                CMD0="EQU@SPL_PARAM_0=EXTI_Line24" />
           <LL  NAME="LL_EXTI_ReadFlag_0_31"
                CMD0="UPD@LL_PARAM_0={UPD@SPL_PARAM_0}" />
      </FUNCTION>
      <FUNCTION>
           <SPL NAME="EXTI_GetFlagStatus"
                CMD0="EQU@SPL_PARAM_0=EXTI_Line25" />
           <LL  NAME="LL_EXTI_ReadFlag_0_31"
                CMD0="UPD@LL_PARAM_0={UPD@SPL_PARAM_0}" />
      </FUNCTION>
      <FUNCTION>
           <SPL NAME="EXTI_GetFlagStatus"
                CMD0="EQU@SPL_PARAM_0=EXTI_Line26" />
           <LL  NAME="LL_EXTI_ReadFlag_0_31"
                CMD0="UPD@LL_PARAM_0={UPD@SPL_PARAM_0}" />
      </FUNCTION>
      <FUNCTION>
           <SPL NAME="EXTI_GetFlagStatus"
                CMD0="EQU@SPL_PARAM_0=EXTI_Line27" />
           <LL  NAME="LL_EXTI_ReadFlag_0_31"
                CMD0="UPD@LL_PARAM_0={UPD@SPL_PARAM_0}" />
      </FUNCTION>
      <FUNCTION>
           <SPL NAME="EXTI_GetFlagStatus"
                CMD0="EQU@SPL_PARAM_0=EXTI_Line28" />
           <LL  NAME="LL_EXTI_ReadFlag_0_31"
                CMD0="UPD@LL_PARAM_0={UPD@SPL_PARAM_0}" />
      </FUNCTION>
      <FUNCTION>
           <SPL NAME="EXTI_GetFlagStatus"
                CMD0="EQU@SPL_PARAM_0=EXTI_Line29" />
           <LL  NAME="LL_EXTI_ReadFlag_0_31"
                CMD0="UPD@LL_PARAM_0={UPD@SPL_PARAM_0}" />
      </FUNCTION>
      <FUNCTION>
           <SPL NAME="EXTI_GetFlagStatus"
                CMD0="EQU@SPL_PARAM_0=EXTI_Line30" />
           <LL  NAME="LL_EXTI_ReadFlag_0_31"
                CMD0="UPD@LL_PARAM_0={UPD@SPL_PARAM_0}" />
      </FUNCTION>
      <FUNCTION>
           <SPL NAME="EXTI_GetFlagStatus"
                CMD0="EQU@SPL_PARAM_0=EXTI_Line31" />
           <LL  NAME="LL_EXTI_ReadFlag_0_31"
                CMD0="UPD@LL_PARAM_0={UPD@SPL_PARAM_0}" />
      </FUNCTION>
      <FUNCTION>
           <SPL NAME="EXTI_GetFlagStatus"
                CMD0="EQU@SPL_PARAM_0=EXTI_Line32" />
           <LL  NAME="LL_EXTI_ReadFlag_32_63"
                CMD0="UPD@LL_PARAM_0={UPD@SPL_PARAM_0}" />
      </FUNCTION>

      <FUNCTION>
           <SPL NAME="EXTI_GetFlagStatus"
                CMD0="EQU@SPL_PARAM_0=EXTI_Line33" />
           <LL  NAME="LL_EXTI_ReadFlag_32_63"
                CMD0="UPD@LL_PARAM_0={UPD@SPL_PARAM_0}" />
      </FUNCTION>
      <FUNCTION>
           <SPL NAME="EXTI_GetFlagStatus"
                CMD0="EQU@SPL_PARAM_0=EXTI_Line34" />
           <LL  NAME="LL_EXTI_ReadFlag_32_63"
                CMD0="UPD@LL_PARAM_0={UPD@SPL_PARAM_0}" />
      </FUNCTION>
      <FUNCTION>
           <SPL NAME="EXTI_GetFlagStatus"
                CMD0="EQU@SPL_PARAM_0=EXTI_Line35" />
           <LL  NAME="LL_EXTI_ReadFlag_32_63"
                CMD0="UPD@LL_PARAM_0={UPD@SPL_PARAM_0}" />
      </FUNCTION>

         <!--       EXTI_ClearFlag     --> 
      <FUNCTION>
           <SPL NAME="EXTI_ClearFlag"
                CMD0="EQU@SPL_PARAM_0=EXTI_Line0" />
           <LL  NAME="LL_EXTI_ClearFlag_0_31"
                CMD0="UPD@LL_PARAM_0={UPD@SPL_PARAM_0}" />
      </FUNCTION>
      <FUNCTION>
           <SPL NAME="EXTI_ClearFlag"
                CMD0="EQU@SPL_PARAM_0=EXTI_Line1" />
           <LL  NAME="LL_EXTI_ClearFlag_0_31"
                CMD0="UPD@LL_PARAM_0={UPD@SPL_PARAM_0}" />
      </FUNCTION>
      <FUNCTION>
           <SPL NAME="EXTI_ClearFlag"
                CMD0="EQU@SPL_PARAM_0=EXTI_Line2" />
           <LL  NAME="LL_EXTI_ClearFlag_0_31"
                CMD0="UPD@LL_PARAM_0={UPD@SPL_PARAM_0}" />
      </FUNCTION>
      <FUNCTION>
           <SPL NAME="EXTI_ClearFlag"
                CMD0="EQU@SPL_PARAM_0=EXTI_Line3" />
           <LL  NAME="LL_EXTI_ClearFlag_0_31"
                CMD0="UPD@LL_PARAM_0={UPD@SPL_PARAM_0}" />
      </FUNCTION>
      <FUNCTION>
           <SPL NAME="EXTI_ClearFlag"
                CMD0="EQU@SPL_PARAM_0=EXTI_Line4" />
           <LL  NAME="LL_EXTI_ClearFlag_0_31"
                CMD0="UPD@LL_PARAM_0={UPD@SPL_PARAM_0}" />
      </FUNCTION>
      <FUNCTION>
           <SPL NAME="EXTI_ClearFlag"
                CMD0="EQU@SPL_PARAM_0=EXTI_Line5" />
           <LL  NAME="LL_EXTI_ClearFlag_0_31"
                CMD0="UPD@LL_PARAM_0={UPD@SPL_PARAM_0}" />
      </FUNCTION>
      <FUNCTION>
           <SPL NAME="EXTI_ClearFlag"
                CMD0="EQU@SPL_PARAM_0=EXTI_Line6" />
           <LL  NAME="LL_EXTI_ClearFlag_0_31"
                CMD0="UPD@LL_PARAM_0={UPD@SPL_PARAM_0}" />
      </FUNCTION>
      <FUNCTION>
           <SPL NAME="EXTI_ClearFlag"
                CMD0="EQU@SPL_PARAM_0=EXTI_Line7" />
           <LL  NAME="LL_EXTI_ClearFlag_0_31"
                CMD0="UPD@LL_PARAM_0={UPD@SPL_PARAM_0}" />
      </FUNCTION>
      <FUNCTION>
           <SPL NAME="EXTI_ClearFlag"
                CMD0="EQU@SPL_PARAM_0=EXTI_Line8" />
           <LL  NAME="LL_EXTI_ClearFlag_0_31"
                CMD0="UPD@LL_PARAM_0={UPD@SPL_PARAM_0}" />
      </FUNCTION>
      <FUNCTION>
           <SPL NAME="EXTI_ClearFlag"
                CMD0="EQU@SPL_PARAM_0=EXTI_Line9" />
           <LL  NAME="LL_EXTI_ClearFlag_0_31"
                CMD0="UPD@LL_PARAM_0={UPD@SPL_PARAM_0}" />
      </FUNCTION>
      <FUNCTION>
           <SPL NAME="EXTI_ClearFlag"
                CMD0="EQU@SPL_PARAM_0=EXTI_Line10" />
           <LL  NAME="LL_EXTI_ClearFlag_0_31"
                CMD0="UPD@LL_PARAM_0={UPD@SPL_PARAM_0}" />
      </FUNCTION>
      <FUNCTION>
           <SPL NAME="EXTI_ClearFlag"
                CMD0="EQU@SPL_PARAM_0=EXTI_Line11" />
           <LL  NAME="LL_EXTI_ClearFlag_0_31"
                CMD0="UPD@LL_PARAM_0={UPD@SPL_PARAM_0}" />
      </FUNCTION>
      <FUNCTION>
           <SPL NAME="EXTI_ClearFlag"
                CMD0="EQU@SPL_PARAM_0=EXTI_Line12" />
           <LL  NAME="LL_EXTI_ClearFlag_0_31"
                CMD0="UPD@LL_PARAM_0={UPD@SPL_PARAM_0}" />
      </FUNCTION>
      <FUNCTION>
           <SPL NAME="EXTI_ClearFlag"
                CMD0="EQU@SPL_PARAM_0=EXTI_Line13" />
           <LL  NAME="LL_EXTI_ClearFlag_0_31"
                CMD0="UPD@LL_PARAM_0={UPD@SPL_PARAM_0}" />
      </FUNCTION>
      <FUNCTION>
           <SPL NAME="EXTI_ClearFlag"
                CMD0="EQU@SPL_PARAM_0=EXTI_Line14" />
           <LL  NAME="LL_EXTI_ClearFlag_0_31"
                CMD0="UPD@LL_PARAM_0={UPD@SPL_PARAM_0}" />
      </FUNCTION>
      <FUNCTION>
           <SPL NAME="EXTI_ClearFlag"
                CMD0="EQU@SPL_PARAM_0=EXTI_Line15" />
           <LL  NAME="LL_EXTI_ClearFlag_0_31"
                CMD0="UPD@LL_PARAM_0={UPD@SPL_PARAM_0}" />
      </FUNCTION>

      <FUNCTION>
           <SPL NAME="EXTI_ClearFlag"
                CMD0="EQU@SPL_PARAM_0=EXTI_Line16" />
           <LL  NAME="LL_EXTI_ClearFlag_0_31"
                CMD0="UPD@LL_PARAM_0={UPD@SPL_PARAM_0}" />
      </FUNCTION>
      <FUNCTION>
           <SPL NAME="EXTI_ClearFlag"
                CMD0="EQU@SPL_PARAM_0=EXTI_Line17" />
           <LL  NAME="LL_EXTI_ClearFlag_0_31"
                CMD0="UPD@LL_PARAM_0={UPD@SPL_PARAM_0}" />
      </FUNCTION>
      <FUNCTION>
           <SPL NAME="EXTI_ClearFlag"
                CMD0="EQU@SPL_PARAM_0=EXTI_Line18" />
           <LL  NAME="LL_EXTI_ClearFlag_0_31"
                CMD0="UPD@LL_PARAM_0={UPD@SPL_PARAM_0}" />
      </FUNCTION>
      <FUNCTION>
           <SPL NAME="EXTI_ClearFlag"
                CMD0="EQU@SPL_PARAM_0=EXTI_Line19" />
           <LL  NAME="LL_EXTI_ClearFlag_0_31"
                CMD0="UPD@LL_PARAM_0={UPD@SPL_PARAM_0}" />
      </FUNCTION>
      <FUNCTION>
           <SPL NAME="EXTI_ClearFlag"
                CMD0="EQU@SPL_PARAM_0=EXTI_Line20" />
           <LL  NAME="LL_EXTI_ClearFlag_0_31"
                CMD0="UPD@LL_PARAM_0={UPD@SPL_PARAM_0}" />
      </FUNCTION>
      <FUNCTION>
           <SPL NAME="EXTI_ClearFlag"
                CMD0="EQU@SPL_PARAM_0=EXTI_Line21" />
           <LL  NAME="LL_EXTI_ClearFlag_0_31"
                CMD0="UPD@LL_PARAM_0={UPD@SPL_PARAM_0}" />
      </FUNCTION>
      <FUNCTION>
           <SPL NAME="EXTI_ClearFlag"
                CMD0="EQU@SPL_PARAM_0=EXTI_Line22" />
           <LL  NAME="LL_EXTI_ClearFlag_0_31"
                CMD0="UPD@LL_PARAM_0={UPD@SPL_PARAM_0}" />
      </FUNCTION>
      <FUNCTION>
           <SPL NAME="EXTI_ClearFlag"
                CMD0="EQU@SPL_PARAM_0=EXTI_Line23" />
           <LL  NAME="LL_EXTI_ClearFlag_0_31"
                CMD0="UPD@LL_PARAM_0={UPD@SPL_PARAM_0}" />
      </FUNCTION>
      <FUNCTION>
           <SPL NAME="EXTI_ClearFlag"
                CMD0="EQU@SPL_PARAM_0=EXTI_Line24" />
           <LL  NAME="LL_EXTI_ClearFlag_0_31"
                CMD0="UPD@LL_PARAM_0={UPD@SPL_PARAM_0}" />
      </FUNCTION>
      <FUNCTION>
           <SPL NAME="EXTI_ClearFlag"
                CMD0="EQU@SPL_PARAM_0=EXTI_Line25" />
           <LL  NAME="LL_EXTI_ClearFlag_0_31"
                CMD0="UPD@LL_PARAM_0={UPD@SPL_PARAM_0}" />
      </FUNCTION>
      <FUNCTION>
           <SPL NAME="EXTI_ClearFlag"
                CMD0="EQU@SPL_PARAM_0=EXTI_Line26" />
           <LL  NAME="LL_EXTI_ClearFlag_0_31"
                CMD0="UPD@LL_PARAM_0={UPD@SPL_PARAM_0}" />
      </FUNCTION>
      <FUNCTION>
           <SPL NAME="EXTI_ClearFlag"
                CMD0="EQU@SPL_PARAM_0=EXTI_Line27" />
           <LL  NAME="LL_EXTI_ClearFlag_0_31"
                CMD0="UPD@LL_PARAM_0={UPD@SPL_PARAM_0}" />
      </FUNCTION>
      <FUNCTION>
           <SPL NAME="EXTI_ClearFlag"
                CMD0="EQU@SPL_PARAM_0=EXTI_Line28" />
           <LL  NAME="LL_EXTI_ClearFlag_0_31"
                CMD0="UPD@LL_PARAM_0={UPD@SPL_PARAM_0}" />
      </FUNCTION>
      <FUNCTION>
           <SPL NAME="EXTI_ClearFlag"
                CMD0="EQU@SPL_PARAM_0=EXTI_Line29" />
           <LL  NAME="LL_EXTI_ClearFlag_0_31"
                CMD0="UPD@LL_PARAM_0={UPD@SPL_PARAM_0}" />
      </FUNCTION>
      <FUNCTION>
           <SPL NAME="EXTI_ClearFlag"
                CMD0="EQU@SPL_PARAM_0=EXTI_Line30" />
           <LL  NAME="LL_EXTI_ClearFlag_0_31"
                CMD0="UPD@LL_PARAM_0={UPD@SPL_PARAM_0}" />
      </FUNCTION>
      <FUNCTION>
           <SPL NAME="EXTI_ClearFlag"
                CMD0="EQU@SPL_PARAM_0=EXTI_Line31" />
           <LL  NAME="LL_EXTI_ClearFlag_0_31"
                CMD0="UPD@LL_PARAM_0={UPD@SPL_PARAM_0}" />
      </FUNCTION>
      <FUNCTION>
           <SPL NAME="EXTI_ClearFlag"
                CMD0="EQU@SPL_PARAM_0=EXTI_Line32" />
           <LL  NAME="LL_EXTI_ClearFlag_32_63"
                CMD0="UPD@LL_PARAM_0={UPD@SPL_PARAM_0}" />
      </FUNCTION>

      <FUNCTION>
           <SPL NAME="EXTI_ClearFlag"
                CMD0="EQU@SPL_PARAM_0=EXTI_Line33" />
           <LL  NAME="LL_EXTI_ClearFlag_32_63"
                CMD0="UPD@LL_PARAM_0={UPD@SPL_PARAM_0}" />
      </FUNCTION>
      <FUNCTION>
           <SPL NAME="EXTI_ClearFlag"
                CMD0="EQU@SPL_PARAM_0=EXTI_Line34" />
           <LL  NAME="LL_EXTI_ClearFlag_32_63"
                CMD0="UPD@LL_PARAM_0={UPD@SPL_PARAM_0}" />
      </FUNCTION>
      <FUNCTION>
           <SPL NAME="EXTI_ClearFlag"
                CMD0="EQU@SPL_PARAM_0=EXTI_Line35" />
           <LL  NAME="LL_EXTI_ClearFlag_32_63"
                CMD0="UPD@LL_PARAM_0={UPD@SPL_PARAM_0}" />
      </FUNCTION>

         <!--       EXTI_GetITStatus     --> 
      <FUNCTION>
           <SPL NAME="EXTI_GetITStatus"
                CMD0="EQU@SPL_PARAM_0=EXTI_Line0" />
           <LL  NAME="LL_EXTI_IsActiveFlag_0_31"
                CMD0="UPD@LL_PARAM_0={UPD@SPL_PARAM_0}" />
      </FUNCTION>
      <FUNCTION>
           <SPL NAME="EXTI_GetITStatus"
                CMD0="EQU@SPL_PARAM_0=EXTI_Line1" />
           <LL  NAME="LL_EXTI_IsActiveFlag_0_31"
                CMD0="UPD@LL_PARAM_0={UPD@SPL_PARAM_0}" />
      </FUNCTION>
      <FUNCTION>
           <SPL NAME="EXTI_GetITStatus"
                CMD0="EQU@SPL_PARAM_0=EXTI_Line2" />
           <LL  NAME="LL_EXTI_IsActiveFlag_0_31"
                CMD0="UPD@LL_PARAM_0={UPD@SPL_PARAM_0}" />
      </FUNCTION>
      <FUNCTION>
           <SPL NAME="EXTI_GetITStatus"
                CMD0="EQU@SPL_PARAM_0=EXTI_Line3" />
           <LL  NAME="LL_EXTI_IsActiveFlag_0_31"
                CMD0="UPD@LL_PARAM_0={UPD@SPL_PARAM_0}" />
      </FUNCTION>
      <FUNCTION>
           <SPL NAME="EXTI_GetITStatus"
                CMD0="EQU@SPL_PARAM_0=EXTI_Line4" />
           <LL  NAME="LL_EXTI_IsActiveFlag_0_31"
                CMD0="UPD@LL_PARAM_0={UPD@SPL_PARAM_0}" />
      </FUNCTION>
      <FUNCTION>
           <SPL NAME="EXTI_GetITStatus"
                CMD0="EQU@SPL_PARAM_0=EXTI_Line5" />
           <LL  NAME="LL_EXTI_IsActiveFlag_0_31"
                CMD0="UPD@LL_PARAM_0={UPD@SPL_PARAM_0}" />
      </FUNCTION>
      <FUNCTION>
           <SPL NAME="EXTI_GetITStatus"
                CMD0="EQU@SPL_PARAM_0=EXTI_Line6" />
           <LL  NAME="LL_EXTI_IsActiveFlag_0_31"
                CMD0="UPD@LL_PARAM_0={UPD@SPL_PARAM_0}" />
      </FUNCTION>
      <FUNCTION>
           <SPL NAME="EXTI_GetITStatus"
                CMD0="EQU@SPL_PARAM_0=EXTI_Line7" />
           <LL  NAME="LL_EXTI_IsActiveFlag_0_31"
                CMD0="UPD@LL_PARAM_0={UPD@SPL_PARAM_0}" />
      </FUNCTION>
      <FUNCTION>
           <SPL NAME="EXTI_GetITStatus"
                CMD0="EQU@SPL_PARAM_0=EXTI_Line8" />
           <LL  NAME="LL_EXTI_IsActiveFlag_0_31"
                CMD0="UPD@LL_PARAM_0={UPD@SPL_PARAM_0}" />
      </FUNCTION>
      <FUNCTION>
           <SPL NAME="EXTI_GetITStatus"
                CMD0="EQU@SPL_PARAM_0=EXTI_Line9" />
           <LL  NAME="LL_EXTI_IsActiveFlag_0_31"
                CMD0="UPD@LL_PARAM_0={UPD@SPL_PARAM_0}" />
      </FUNCTION>
      <FUNCTION>
           <SPL NAME="EXTI_GetITStatus"
                CMD0="EQU@SPL_PARAM_0=EXTI_Line10" />
           <LL  NAME="LL_EXTI_IsActiveFlag_0_31"
                CMD0="UPD@LL_PARAM_0={UPD@SPL_PARAM_0}" />
      </FUNCTION>
      <FUNCTION>
           <SPL NAME="EXTI_GetITStatus"
                CMD0="EQU@SPL_PARAM_0=EXTI_Line11" />
           <LL  NAME="LL_EXTI_IsActiveFlag_0_31"
                CMD0="UPD@LL_PARAM_0={UPD@SPL_PARAM_0}" />
      </FUNCTION>
      <FUNCTION>
           <SPL NAME="EXTI_GetITStatus"
                CMD0="EQU@SPL_PARAM_0=EXTI_Line12" />
           <LL  NAME="LL_EXTI_IsActiveFlag_0_31"
                CMD0="UPD@LL_PARAM_0={UPD@SPL_PARAM_0}" />
      </FUNCTION>
      <FUNCTION>
           <SPL NAME="EXTI_GetITStatus"
                CMD0="EQU@SPL_PARAM_0=EXTI_Line13" />
           <LL  NAME="LL_EXTI_IsActiveFlag_0_31"
                CMD0="UPD@LL_PARAM_0={UPD@SPL_PARAM_0}" />
      </FUNCTION>
      <FUNCTION>
           <SPL NAME="EXTI_GetITStatus"
                CMD0="EQU@SPL_PARAM_0=EXTI_Line14" />
           <LL  NAME="LL_EXTI_IsActiveFlag_0_31"
                CMD0="UPD@LL_PARAM_0={UPD@SPL_PARAM_0}" />
      </FUNCTION>
      <FUNCTION>
           <SPL NAME="EXTI_GetITStatus"
                CMD0="EQU@SPL_PARAM_0=EXTI_Line15" />
           <LL  NAME="LL_EXTI_IsActiveFlag_0_31"
                CMD0="UPD@LL_PARAM_0={UPD@SPL_PARAM_0}" />
      </FUNCTION>

      <FUNCTION>
           <SPL NAME="EXTI_GetITStatus"
                CMD0="EQU@SPL_PARAM_0=EXTI_Line16" />
           <LL  NAME="LL_EXTI_IsActiveFlag_0_31"
                CMD0="UPD@LL_PARAM_0={UPD@SPL_PARAM_0}" />
      </FUNCTION>
      <FUNCTION>
           <SPL NAME="EXTI_GetITStatus"
                CMD0="EQU@SPL_PARAM_0=EXTI_Line17" />
           <LL  NAME="LL_EXTI_IsActiveFlag_0_31"
                CMD0="UPD@LL_PARAM_0={UPD@SPL_PARAM_0}" />
      </FUNCTION>
      <FUNCTION>
           <SPL NAME="EXTI_GetITStatus"
                CMD0="EQU@SPL_PARAM_0=EXTI_Line18" />
           <LL  NAME="LL_EXTI_IsActiveFlag_0_31"
                CMD0="UPD@LL_PARAM_0={UPD@SPL_PARAM_0}" />
      </FUNCTION>
      <FUNCTION>
           <SPL NAME="EXTI_GetITStatus"
                CMD0="EQU@SPL_PARAM_0=EXTI_Line19" />
           <LL  NAME="LL_EXTI_IsActiveFlag_0_31"
                CMD0="UPD@LL_PARAM_0={UPD@SPL_PARAM_0}" />
      </FUNCTION>
      <FUNCTION>
           <SPL NAME="EXTI_GetITStatus"
                CMD0="EQU@SPL_PARAM_0=EXTI_Line20" />
           <LL  NAME="LL_EXTI_IsActiveFlag_0_31"
                CMD0="UPD@LL_PARAM_0={UPD@SPL_PARAM_0}" />
      </FUNCTION>
      <FUNCTION>
           <SPL NAME="EXTI_GetITStatus"
                CMD0="EQU@SPL_PARAM_0=EXTI_Line21" />
           <LL  NAME="LL_EXTI_IsActiveFlag_0_31"
                CMD0="UPD@LL_PARAM_0={UPD@SPL_PARAM_0}" />
      </FUNCTION>
      <FUNCTION>
           <SPL NAME="EXTI_GetITStatus"
                CMD0="EQU@SPL_PARAM_0=EXTI_Line22" />
           <LL  NAME="LL_EXTI_IsActiveFlag_0_31"
                CMD0="UPD@LL_PARAM_0={UPD@SPL_PARAM_0}" />
      </FUNCTION>
      <FUNCTION>
           <SPL NAME="EXTI_GetITStatus"
                CMD0="EQU@SPL_PARAM_0=EXTI_Line23" />
           <LL  NAME="LL_EXTI_IsActiveFlag_0_31"
                CMD0="UPD@LL_PARAM_0={UPD@SPL_PARAM_0}" />
      </FUNCTION>
      <FUNCTION>
           <SPL NAME="EXTI_GetITStatus"
                CMD0="EQU@SPL_PARAM_0=EXTI_Line24" />
           <LL  NAME="LL_EXTI_IsActiveFlag_0_31"
                CMD0="UPD@LL_PARAM_0={UPD@SPL_PARAM_0}" />
      </FUNCTION>
      <FUNCTION>
           <SPL NAME="EXTI_GetITStatus"
                CMD0="EQU@SPL_PARAM_0=EXTI_Line25" />
           <LL  NAME="LL_EXTI_IsActiveFlag_0_31"
                CMD0="UPD@LL_PARAM_0={UPD@SPL_PARAM_0}" />
      </FUNCTION>
      <FUNCTION>
           <SPL NAME="EXTI_GetITStatus"
                CMD0="EQU@SPL_PARAM_0=EXTI_Line26" />
           <LL  NAME="LL_EXTI_IsActiveFlag_0_31"
                CMD0="UPD@LL_PARAM_0={UPD@SPL_PARAM_0}" />
      </FUNCTION>
      <FUNCTION>
           <SPL NAME="EXTI_GetITStatus"
                CMD0="EQU@SPL_PARAM_0=EXTI_Line27" />
           <LL  NAME="LL_EXTI_IsActiveFlag_0_31"
                CMD0="UPD@LL_PARAM_0={UPD@SPL_PARAM_0}" />
      </FUNCTION>
      <FUNCTION>
           <SPL NAME="EXTI_GetITStatus"
                CMD0="EQU@SPL_PARAM_0=EXTI_Line28" />
           <LL  NAME="LL_EXTI_IsActiveFlag_0_31"
                CMD0="UPD@LL_PARAM_0={UPD@SPL_PARAM_0}" />
      </FUNCTION>
      <FUNCTION>
           <SPL NAME="EXTI_GetITStatus"
                CMD0="EQU@SPL_PARAM_0=EXTI_Line29" />
           <LL  NAME="LL_EXTI_IsActiveFlag_0_31"
                CMD0="UPD@LL_PARAM_0={UPD@SPL_PARAM_0}" />
      </FUNCTION>
      <FUNCTION>
           <SPL NAME="EXTI_GetITStatus"
                CMD0="EQU@SPL_PARAM_0=EXTI_Line30" />
           <LL  NAME="LL_EXTI_IsActiveFlag_0_31"
                CMD0="UPD@LL_PARAM_0={UPD@SPL_PARAM_0}" />
      </FUNCTION>
      <FUNCTION>
           <SPL NAME="EXTI_GetITStatus"
                CMD0="EQU@SPL_PARAM_0=EXTI_Line31" />
           <LL  NAME="LL_EXTI_IsActiveFlag_0_31"
                CMD0="UPD@LL_PARAM_0={UPD@SPL_PARAM_0}" />
      </FUNCTION>
      <FUNCTION>
           <SPL NAME="EXTI_GetITStatus"
                CMD0="EQU@SPL_PARAM_0=EXTI_Line32" />
           <LL  NAME="LL_EXTI_IsActiveFlag_32_63"
                CMD0="UPD@LL_PARAM_0={UPD@SPL_PARAM_0}" />
      </FUNCTION>

      <FUNCTION>
           <SPL NAME="EXTI_GetITStatus"
                CMD0="EQU@SPL_PARAM_0=EXTI_Line33" />
           <LL  NAME="LL_EXTI_IsActiveFlag_32_63"
                CMD0="UPD@LL_PARAM_0={UPD@SPL_PARAM_0}" />
      </FUNCTION>
      <FUNCTION>
           <SPL NAME="EXTI_GetITStatus"
                CMD0="EQU@SPL_PARAM_0=EXTI_Line34" />
           <LL  NAME="LL_EXTI_IsActiveFlag_32_63"
                CMD0="UPD@LL_PARAM_0={UPD@SPL_PARAM_0}" />
      </FUNCTION>
      <FUNCTION>
           <SPL NAME="EXTI_GetITStatus"
                CMD0="EQU@SPL_PARAM_0=EXTI_Line35" />
           <LL  NAME="LL_EXTI_IsActiveFlag_32_63"
                CMD0="UPD@LL_PARAM_0={UPD@SPL_PARAM_0}" />
      </FUNCTION>

         <!--       EXTI_ClearITPendingBit     --> 
      <FUNCTION>
           <SPL NAME="EXTI_ClearITPendingBit"
                CMD0="EQU@SPL_PARAM_0=EXTI_Line0" />
           <LL  NAME="LL_EXTI_ClearFlag_0_31"
                CMD0="UPD@LL_PARAM_0={UPD@SPL_PARAM_0}" />
      </FUNCTION>
      <FUNCTION>
           <SPL NAME="EXTI_ClearITPendingBit"
                CMD0="EQU@SPL_PARAM_0=EXTI_Line1" />
           <LL  NAME="LL_EXTI_ClearFlag_0_31"
                CMD0="UPD@LL_PARAM_0={UPD@SPL_PARAM_0}" />
      </FUNCTION>
      <FUNCTION>
           <SPL NAME="EXTI_ClearITPendingBit"
                CMD0="EQU@SPL_PARAM_0=EXTI_Line2" />
           <LL  NAME="LL_EXTI_ClearFlag_0_31"
                CMD0="UPD@LL_PARAM_0={UPD@SPL_PARAM_0}" />
      </FUNCTION>
      <FUNCTION>
           <SPL NAME="EXTI_ClearITPendingBit"
                CMD0="EQU@SPL_PARAM_0=EXTI_Line3" />
           <LL  NAME="LL_EXTI_ClearFlag_0_31"
                CMD0="UPD@LL_PARAM_0={UPD@SPL_PARAM_0}" />
      </FUNCTION>
      <FUNCTION>
           <SPL NAME="EXTI_ClearITPendingBit"
                CMD0="EQU@SPL_PARAM_0=EXTI_Line4" />
           <LL  NAME="LL_EXTI_ClearFlag_0_31"
                CMD0="UPD@LL_PARAM_0={UPD@SPL_PARAM_0}" />
      </FUNCTION>
      <FUNCTION>
           <SPL NAME="EXTI_ClearITPendingBit"
                CMD0="EQU@SPL_PARAM_0=EXTI_Line5" />
           <LL  NAME="LL_EXTI_ClearFlag_0_31"
                CMD0="UPD@LL_PARAM_0={UPD@SPL_PARAM_0}" />
      </FUNCTION>
      <FUNCTION>
           <SPL NAME="EXTI_ClearITPendingBit"
                CMD0="EQU@SPL_PARAM_0=EXTI_Line6" />
           <LL  NAME="LL_EXTI_ClearFlag_0_31"
                CMD0="UPD@LL_PARAM_0={UPD@SPL_PARAM_0}" />
      </FUNCTION>
      <FUNCTION>
           <SPL NAME="EXTI_ClearITPendingBit"
                CMD0="EQU@SPL_PARAM_0=EXTI_Line7" />
           <LL  NAME="LL_EXTI_ClearFlag_0_31"
                CMD0="UPD@LL_PARAM_0={UPD@SPL_PARAM_0}" />
      </FUNCTION>
      <FUNCTION>
           <SPL NAME="EXTI_ClearITPendingBit"
                CMD0="EQU@SPL_PARAM_0=EXTI_Line8" />
           <LL  NAME="LL_EXTI_ClearFlag_0_31"
                CMD0="UPD@LL_PARAM_0={UPD@SPL_PARAM_0}" />
      </FUNCTION>
      <FUNCTION>
           <SPL NAME="EXTI_ClearITPendingBit"
                CMD0="EQU@SPL_PARAM_0=EXTI_Line9" />
           <LL  NAME="LL_EXTI_ClearFlag_0_31"
                CMD0="UPD@LL_PARAM_0={UPD@SPL_PARAM_0}" />
      </FUNCTION>
      <FUNCTION>
           <SPL NAME="EXTI_ClearITPendingBit"
                CMD0="EQU@SPL_PARAM_0=EXTI_Line10" />
           <LL  NAME="LL_EXTI_ClearFlag_0_31"
                CMD0="UPD@LL_PARAM_0={UPD@SPL_PARAM_0}" />
      </FUNCTION>
      <FUNCTION>
           <SPL NAME="EXTI_ClearITPendingBit"
                CMD0="EQU@SPL_PARAM_0=EXTI_Line11" />
           <LL  NAME="LL_EXTI_ClearFlag_0_31"
                CMD0="UPD@LL_PARAM_0={UPD@SPL_PARAM_0}" />
      </FUNCTION>
      <FUNCTION>
           <SPL NAME="EXTI_ClearITPendingBit"
                CMD0="EQU@SPL_PARAM_0=EXTI_Line12" />
           <LL  NAME="LL_EXTI_ClearFlag_0_31"
                CMD0="UPD@LL_PARAM_0={UPD@SPL_PARAM_0}" />
      </FUNCTION>
      <FUNCTION>
           <SPL NAME="EXTI_ClearITPendingBit"
                CMD0="EQU@SPL_PARAM_0=EXTI_Line13" />
           <LL  NAME="LL_EXTI_ClearFlag_0_31"
                CMD0="UPD@LL_PARAM_0={UPD@SPL_PARAM_0}" />
      </FUNCTION>
      <FUNCTION>
           <SPL NAME="EXTI_ClearITPendingBit"
                CMD0="EQU@SPL_PARAM_0=EXTI_Line14" />
           <LL  NAME="LL_EXTI_ClearFlag_0_31"
                CMD0="UPD@LL_PARAM_0={UPD@SPL_PARAM_0}" />
      </FUNCTION>
      <FUNCTION>
           <SPL NAME="EXTI_ClearITPendingBit"
                CMD0="EQU@SPL_PARAM_0=EXTI_Line15" />
           <LL  NAME="LL_EXTI_ClearFlag_0_31"
                CMD0="UPD@LL_PARAM_0={UPD@SPL_PARAM_0}" />
      </FUNCTION>

      <FUNCTION>
           <SPL NAME="EXTI_ClearITPendingBit"
                CMD0="EQU@SPL_PARAM_0=EXTI_Line16" />
           <LL  NAME="LL_EXTI_ClearFlag_0_31"
                CMD0="UPD@LL_PARAM_0={UPD@SPL_PARAM_0}" />
      </FUNCTION>
      <FUNCTION>
           <SPL NAME="EXTI_ClearITPendingBit"
                CMD0="EQU@SPL_PARAM_0=EXTI_Line17" />
           <LL  NAME="LL_EXTI_ClearFlag_0_31"
                CMD0="UPD@LL_PARAM_0={UPD@SPL_PARAM_0}" />
      </FUNCTION>
      <FUNCTION>
           <SPL NAME="EXTI_ClearITPendingBit"
                CMD0="EQU@SPL_PARAM_0=EXTI_Line18" />
           <LL  NAME="LL_EXTI_ClearFlag_0_31"
                CMD0="UPD@LL_PARAM_0={UPD@SPL_PARAM_0}" />
      </FUNCTION>
      <FUNCTION>
           <SPL NAME="EXTI_ClearITPendingBit"
                CMD0="EQU@SPL_PARAM_0=EXTI_Line19" />
           <LL  NAME="LL_EXTI_ClearFlag_0_31"
                CMD0="UPD@LL_PARAM_0={UPD@SPL_PARAM_0}" />
      </FUNCTION>
      <FUNCTION>
           <SPL NAME="EXTI_ClearITPendingBit"
                CMD0="EQU@SPL_PARAM_0=EXTI_Line20" />
           <LL  NAME="LL_EXTI_ClearFlag_0_31"
                CMD0="UPD@LL_PARAM_0={UPD@SPL_PARAM_0}" />
      </FUNCTION>
      <FUNCTION>
           <SPL NAME="EXTI_ClearITPendingBit"
                CMD0="EQU@SPL_PARAM_0=EXTI_Line21" />
           <LL  NAME="LL_EXTI_ClearFlag_0_31"
                CMD0="UPD@LL_PARAM_0={UPD@SPL_PARAM_0}" />
      </FUNCTION>
      <FUNCTION>
           <SPL NAME="EXTI_ClearITPendingBit"
                CMD0="EQU@SPL_PARAM_0=EXTI_Line22" />
           <LL  NAME="LL_EXTI_ClearFlag_0_31"
                CMD0="UPD@LL_PARAM_0={UPD@SPL_PARAM_0}" />
      </FUNCTION>
      <FUNCTION>
           <SPL NAME="EXTI_ClearITPendingBit"
                CMD0="EQU@SPL_PARAM_0=EXTI_Line23" />
           <LL  NAME="LL_EXTI_ClearFlag_0_31"
                CMD0="UPD@LL_PARAM_0={UPD@SPL_PARAM_0}" />
      </FUNCTION>
      <FUNCTION>
           <SPL NAME="EXTI_ClearITPendingBit"
                CMD0="EQU@SPL_PARAM_0=EXTI_Line24" />
           <LL  NAME="LL_EXTI_ClearFlag_0_31"
                CMD0="UPD@LL_PARAM_0={UPD@SPL_PARAM_0}" />
      </FUNCTION>
      <FUNCTION>
           <SPL NAME="EXTI_ClearITPendingBit"
                CMD0="EQU@SPL_PARAM_0=EXTI_Line25" />
           <LL  NAME="LL_EXTI_ClearFlag_0_31"
                CMD0="UPD@LL_PARAM_0={UPD@SPL_PARAM_0}" />
      </FUNCTION>
      <FUNCTION>
           <SPL NAME="EXTI_ClearITPendingBit"
                CMD0="EQU@SPL_PARAM_0=EXTI_Line26" />
           <LL  NAME="LL_EXTI_ClearFlag_0_31"
                CMD0="UPD@LL_PARAM_0={UPD@SPL_PARAM_0}" />
      </FUNCTION>
      <FUNCTION>
           <SPL NAME="EXTI_ClearITPendingBit"
                CMD0="EQU@SPL_PARAM_0=EXTI_Line27" />
           <LL  NAME="LL_EXTI_ClearFlag_0_31"
                CMD0="UPD@LL_PARAM_0={UPD@SPL_PARAM_0}" />
      </FUNCTION>
      <FUNCTION>
           <SPL NAME="EXTI_ClearITPendingBit"
                CMD0="EQU@SPL_PARAM_0=EXTI_Line28" />
           <LL  NAME="LL_EXTI_ClearFlag_0_31"
                CMD0="UPD@LL_PARAM_0={UPD@SPL_PARAM_0}" />
      </FUNCTION>
      <FUNCTION>
           <SPL NAME="EXTI_ClearITPendingBit"
                CMD0="EQU@SPL_PARAM_0=EXTI_Line29" />
           <LL  NAME="LL_EXTI_ClearFlag_0_31"
                CMD0="UPD@LL_PARAM_0={UPD@SPL_PARAM_0}" />
      </FUNCTION>
      <FUNCTION>
           <SPL NAME="EXTI_ClearITPendingBit"
                CMD0="EQU@SPL_PARAM_0=EXTI_Line30" />
           <LL  NAME="LL_EXTI_ClearFlag_0_31"
                CMD0="UPD@LL_PARAM_0={UPD@SPL_PARAM_0}" />
      </FUNCTION>
      <FUNCTION>
           <SPL NAME="EXTI_ClearITPendingBit"
                CMD0="EQU@SPL_PARAM_0=EXTI_Line31" />
           <LL  NAME="LL_EXTI_ClearFlag_0_31"
                CMD0="UPD@LL_PARAM_0={UPD@SPL_PARAM_0}" />
      </FUNCTION>
      <FUNCTION>
           <SPL NAME="EXTI_ClearITPendingBit"
                CMD0="EQU@SPL_PARAM_0=EXTI_Line32" />
           <LL  NAME="LL_EXTI_ClearFlag_32_63"
                CMD0="UPD@LL_PARAM_0={UPD@SPL_PARAM_0}" />
      </FUNCTION>
      <FUNCTION>
           <SPL NAME="EXTI_ClearITPendingBit"
                CMD0="EQU@SPL_PARAM_0=EXTI_Line33" />
           <LL  NAME="LL_EXTI_ClearFlag_32_63"
                CMD0="UPD@LL_PARAM_0={UPD@SPL_PARAM_0}" />
      </FUNCTION>
      <FUNCTION>
           <SPL NAME="EXTI_ClearITPendingBit"
                CMD0="EQU@SPL_PARAM_0=EXTI_Line34" />
           <LL  NAME="LL_EXTI_ClearFlag_32_63"
                CMD0="UPD@LL_PARAM_0={UPD@SPL_PARAM_0}" />
      </FUNCTION>
      <FUNCTION>
           <SPL NAME="EXTI_ClearITPendingBit"
                CMD0="EQU@SPL_PARAM_0=EXTI_Line35" />
           <LL  NAME="LL_EXTI_ClearFlag_32_63"
                CMD0="UPD@LL_PARAM_0={UPD@SPL_PARAM_0}" />
      </FUNCTION>
    </FUNCTIONS>
  </COMMON>
  
 <SPECIFIC>
   <VERSION NAME="EICTL1_VER_1_0_0">
      <LITERALS>
      </LITERALS>
      <STRUCTURES>
      </STRUCTURES>
      <FUNCTIONS>
      </FUNCTIONS>
    </VERSION>
   <VERSION NAME="EICTL1_VER_1_0_1">
       <LITERALS>
         <LITERAL>
           <SPL>EXTI_Line32</SPL>
           <LL LOG="For EXTI Lines greater than 31, Additional field named Line_32_63 should be \n introduced by user in the EXTI_InitTypeDef Structure ">LL_EXTI_LINE_32</LL>
         </LITERAL>
         <LITERAL>
           <SPL>EXTI_Line33</SPL>
           <LL LOG="For EXTI Lines greater than 31, Additional field named Line_32_63 should be \n introduced by user in the EXTI_InitTypeDef Structure ">LL_EXTI_LINE_33</LL>
         </LITERAL>
         <LITERAL>
           <SPL>EXTI_Line34</SPL>
           <LL LOG="For EXTI Lines greater than 31, Additional field named Line_32_63 should be \n introduced by user in the EXTI_InitTypeDef Structure ">LL_EXTI_LINE_34</LL>
         </LITERAL>
         <LITERAL>
           <SPL>EXTI_Line35</SPL>
           <LL LOG="For EXTI Lines greater than 31, Additional field named Line_32_63 should be \n introduced by user in the EXTI_InitTypeDef Structure ">LL_EXTI_LINE_35</LL>
         </LITERAL>
        </LITERALS>
      <STRUCTURES>
      </STRUCTURES>
      <FUNCTIONS>
      </FUNCTIONS>
    </VERSION>
  </SPECIFIC>
</IP>
