<?xml version="1.0"?>
<PCBDesignProperties2.6><Layers><Board><BoardOnOff>1</BoardOnOff><BoardState>6</BoardState><BoardSpecificOnOff>1</BoardSpecificOnOff><BoardSpecificState>14</BoardSpecificState><BoardSpecificTransState>1</BoardSpecificTransState><ContourOnOff>1</ContourOnOff><ContourState>14</ContourState><ContourTransState>1</ContourTransState><MountingHolesOnOff>1</MountingHolesOnOff><MountingHolesState>14</MountingHolesState><MountingHolesTransState>1</MountingHolesTransState><ObstructAllVisibility>1</ObstructAllVisibility><ObstructAllState>13</ObstructAllState><ObstructViaVisibility>1</ObstructViaVisibility><ObstructViaState>13</ObstructViaState><ObstructTraceVisibility>1</ObstructTraceVisibility><ObstructTraceState>13</ObstructTraceState><ObstructTraceViaVisibility>1</ObstructTraceViaVisibility><ObstructTraceViaState>13</ObstructTraceViaState><OtherHolesOnOff>0</OtherHolesOnOff><OtherHolesState>13</OtherHolesState><OtherHolesTransState>2</OtherHolesTransState><CavityVisibility>1</CavityVisibility><CavityState>12</CavityState><RouteBorderVisibility>1</RouteBorderVisibility><RouteBorderState>13</RouteBorderState></Board><AllLayers><AllTracesAndPadsOnOff>0</AllTracesAndPadsOnOff><AllTracesAndPadsState>1</AllTracesAndPadsState><AllTracesOnOff>1</AllTracesOnOff><AllTracesState>4</AllTracesState><AllTracesTransState>2</AllTracesTransState><AllPadsOnOff>1</AllPadsOnOff><AllPadsState>4</AllPadsState><AllPadsTransState>2</AllPadsTransState><AllPlanesOnOff>1</AllPlanesOnOff><AllPlanesState>12</AllPlanesState><AllPlanesTransState>2</AllPlanesTransState></AllLayers><Layer1><Start>1</Start><EntireLayerOnOff>1</EntireLayerOnOff><EntireLayerState>4</EntireLayerState><TracesOnOff>1</TracesOnOff><TracesState>4</TracesState><TracesTransState>2</TracesTransState><PadsOnOff>1</PadsOnOff><PadsState>4</PadsState><PadsTransState>2</PadsTransState><PlanesOnOff>1</PlanesOnOff><PlanesState>12</PlanesState><PlanesTransState>2</PlanesTransState><End>0</End></Layer1><Layer2><Start>1</Start><EntireLayerOnOff>1</EntireLayerOnOff><EntireLayerState>4</EntireLayerState><TracesOnOff>1</TracesOnOff><TracesState>4</TracesState><TracesTransState>2</TracesTransState><PadsOnOff>1</PadsOnOff><PadsState>4</PadsState><PadsTransState>2</PadsTransState><PlanesOnOff>1</PlanesOnOff><PlanesState>12</PlanesState><PlanesTransState>2</PlanesTransState><End>0</End></Layer2><Layer3><Start>1</Start><EntireLayerOnOff>1</EntireLayerOnOff><EntireLayerState>4</EntireLayerState><TracesOnOff>1</TracesOnOff><TracesState>4</TracesState><TracesTransState>2</TracesTransState><PadsOnOff>1</PadsOnOff><PadsState>4</PadsState><PadsTransState>2</PadsTransState><PlanesOnOff>1</PlanesOnOff><PlanesState>12</PlanesState><PlanesTransState>2</PlanesTransState><End>0</End></Layer3><Layer4><Start>1</Start><EntireLayerOnOff>1</EntireLayerOnOff><EntireLayerState>4</EntireLayerState><TracesOnOff>1</TracesOnOff><TracesState>4</TracesState><TracesTransState>2</TracesTransState><PadsOnOff>1</PadsOnOff><PadsState>4</PadsState><PadsTransState>2</PadsTransState><PlanesOnOff>1</PlanesOnOff><PlanesState>12</PlanesState><PlanesTransState>2</PlanesTransState><End>0</End></Layer4></Layers><Parts><TopParts><TopAllState>10</TopAllState><TopPlacementState>2</TopPlacementState><TopPlacementTransState>2</TopPlacementTransState></TopParts><BottomParts><BottomAllState>12</BottomAllState><BottomPlacementState>2</BottomPlacementState><BottomPlacementTransState>2</BottomPlacementTransState></BottomParts><TopPlacementObstructs><TopPlacementObsState>6</TopPlacementObsState><TopPlacementObsTransState>0</TopPlacementObsTransState></TopPlacementObstructs><BottomPlacementObstructs><BotPlacementObsState>6</BotPlacementObsState><BotPlacementObsTransState>0</BotPlacementObsTransState></BottomPlacementObstructs><TopBondWires><TopBondWires_State>5</TopBondWires_State><TopBondWires_Visibility>2</TopBondWires_Visibility><TopBondWires_State_BoardLevel>5</TopBondWires_State_BoardLevel><TopBondWires_Visibility_BoardLevel>2</TopBondWires_Visibility_BoardLevel><TopBondWires_State_StackLevel_1>5</TopBondWires_State_StackLevel_1><TopBondWires_Visibility_StackLevel_1>2</TopBondWires_Visibility_StackLevel_1><TopBondWires_State_StackLevel_2>5</TopBondWires_State_StackLevel_2><TopBondWires_Visibility_StackLevel_2>2</TopBondWires_Visibility_StackLevel_2><TopBondWires_State_StackLevel_3>5</TopBondWires_State_StackLevel_3><TopBondWires_Visibility_StackLevel_3>2</TopBondWires_Visibility_StackLevel_3><TopBondWires_State_StackLevel_4>5</TopBondWires_State_StackLevel_4><TopBondWires_Visibility_StackLevel_4>2</TopBondWires_Visibility_StackLevel_4></TopBondWires><BottomBondWires><BottomBondWires_State>5</BottomBondWires_State><BottomBondWires_Visibility>2</BottomBondWires_Visibility><BottomBondWires_State_BoardLevel>5</BottomBondWires_State_BoardLevel><BottomBondWires_Visibility_BoardLevel>2</BottomBondWires_Visibility_BoardLevel><BottomBondWires_State_StackLevel_1>5</BottomBondWires_State_StackLevel_1><BottomBondWires_Visibility_StackLevel_1>2</BottomBondWires_Visibility_StackLevel_1><BottomBondWires_State_StackLevel_2>5</BottomBondWires_State_StackLevel_2><BottomBondWires_Visibility_StackLevel_2>2</BottomBondWires_Visibility_StackLevel_2><BottomBondWires_State_StackLevel_3>5</BottomBondWires_State_StackLevel_3><BottomBondWires_Visibility_StackLevel_3>2</BottomBondWires_Visibility_StackLevel_3><BottomBondWires_State_StackLevel_4>5</BottomBondWires_State_StackLevel_4><BottomBondWires_Visibility_StackLevel_4>2</BottomBondWires_Visibility_StackLevel_4></BottomBondWires><TopDiePins><TopDiePins_State>5</TopDiePins_State><TopDiePins_Visibility>2</TopDiePins_Visibility><TopDiePins_State_BoardLevel>5</TopDiePins_State_BoardLevel><TopDiePins_Visibility_BoardLevel>2</TopDiePins_Visibility_BoardLevel><TopDiePins_State_StackLevel_1>5</TopDiePins_State_StackLevel_1><TopDiePins_Visibility_StackLevel_1>2</TopDiePins_Visibility_StackLevel_1><TopDiePins_State_StackLevel_2>5</TopDiePins_State_StackLevel_2><TopDiePins_Visibility_StackLevel_2>2</TopDiePins_Visibility_StackLevel_2><TopDiePins_State_StackLevel_3>5</TopDiePins_State_StackLevel_3><TopDiePins_Visibility_StackLevel_3>2</TopDiePins_Visibility_StackLevel_3><TopDiePins_State_StackLevel_4>5</TopDiePins_State_StackLevel_4><TopDiePins_Visibility_StackLevel_4>2</TopDiePins_Visibility_StackLevel_4></TopDiePins><BottomDiePins><BottomDiePins_State>5</BottomDiePins_State><BottomDiePins_Visibility>2</BottomDiePins_Visibility><BottomDiePins_State_BoardLevel>5</BottomDiePins_State_BoardLevel><BottomDiePins_Visibility_BoardLevel>2</BottomDiePins_Visibility_BoardLevel><BottomDiePins_State_StackLevel_1>5</BottomDiePins_State_StackLevel_1><BottomDiePins_Visibility_StackLevel_1>2</BottomDiePins_Visibility_StackLevel_1><BottomDiePins_State_StackLevel_2>5</BottomDiePins_State_StackLevel_2><BottomDiePins_Visibility_StackLevel_2>2</BottomDiePins_Visibility_StackLevel_2><BottomDiePins_State_StackLevel_3>5</BottomDiePins_State_StackLevel_3><BottomDiePins_Visibility_StackLevel_3>2</BottomDiePins_Visibility_StackLevel_3><BottomDiePins_State_StackLevel_4>5</BottomDiePins_State_StackLevel_4><BottomDiePins_Visibility_StackLevel_4>2</BottomDiePins_Visibility_StackLevel_4></BottomDiePins><Eps><AllEpsToggle>1</AllEpsToggle><AllEpsState>14</AllEpsState><AllResistiveToggle>1</AllResistiveToggle><AllResistiveState>14</AllResistiveState><AllCapacitiveEpsToggle>1</AllCapacitiveEpsToggle><AllCapacitiveEpsState>14</AllCapacitiveEpsState><AllConductiveEpsToggle>1</AllConductiveEpsToggle><AllConductiveEpsState>14</AllConductiveEpsState></Eps></Parts><AuxilaryGraphicsAndPCBs><AllAuxilaryGraphicsAndPCBsToggle>1</AllAuxilaryGraphicsAndPCBsToggle><AllAuxilaryGraphicsAndPCBsState>5</AllAuxilaryGraphicsAndPCBsState><AuxilaryGraphicsToggle>1</AuxilaryGraphicsToggle><AuxilaryGraphicsState>8</AuxilaryGraphicsState><AuxilaryPCBsToggle>1</AuxilaryPCBsToggle><AuxilaryPCBsState>12</AuxilaryPCBsState></AuxilaryGraphicsAndPCBs><TabExpand><LayerTabExpand><LayerTabExpand>1</LayerTabExpand><LayerTabExpand>1</LayerTabExpand><LayerTabExpand>1</LayerTabExpand><LayerTabExpand>1</LayerTabExpand><LayerTabExpand>1</LayerTabExpand><LayerTabExpand>1</LayerTabExpand></LayerTabExpand><PartTabExpand><PartTabExpand>1</PartTabExpand><PartTabExpand>1</PartTabExpand><PartTabExpand>1</PartTabExpand></PartTabExpand><AssemblyTabExpand><AssemblyTabExpand>1</AssemblyTabExpand><AssemblyTabExpand>1</AssemblyTabExpand><AssemblyTabExpand>1</AssemblyTabExpand></AssemblyTabExpand></TabExpand><RefDes><AllRefDesToggle>1</AllRefDesToggle><AllRefDesSelect>0</AllRefDesSelect><AllRefDesState>2</AllRefDesState><Start>1</Start><RefDesName>U1000</RefDesName><ToggleRefDes>1</ToggleRefDes><UID>5</UID><RefDesState>2</RefDesState><End>0</End><Start>1</Start><RefDesName>U3001</RefDesName><ToggleRefDes>1</ToggleRefDes><UID>6</UID><RefDesState>2</RefDesState><End>0</End><Start>1</Start><RefDesName>U3000</RefDesName><ToggleRefDes>1</ToggleRefDes><UID>7</UID><RefDesState>2</RefDesState><End>0</End><Start>1</Start><RefDesName>C60</RefDesName><ToggleRefDes>1</ToggleRefDes><UID>8</UID><RefDesState>2</RefDesState><End>0</End><Start>1</Start><RefDesName>C747</RefDesName><ToggleRefDes>1</ToggleRefDes><UID>9</UID><RefDesState>2</RefDesState><End>0</End><Start>1</Start><RefDesName>C99</RefDesName><ToggleRefDes>1</ToggleRefDes><UID>10</UID><RefDesState>2</RefDesState><End>0</End><Start>1</Start><RefDesName>C108</RefDesName><ToggleRefDes>1</ToggleRefDes><UID>11</UID><RefDesState>2</RefDesState><End>0</End><Start>1</Start><RefDesName>R622</RefDesName><ToggleRefDes>1</ToggleRefDes><UID>12</UID><RefDesState>2</RefDesState><End>0</End><Start>1</Start><RefDesName>R3001</RefDesName><ToggleRefDes>1</ToggleRefDes><UID>13</UID><RefDesState>2</RefDesState><End>0</End><Start>1</Start><RefDesName>C65</RefDesName><ToggleRefDes>1</ToggleRefDes><UID>14</UID><RefDesState>2</RefDesState><End>0</End><Start>1</Start><RefDesName>C100</RefDesName><ToggleRefDes>1</ToggleRefDes><UID>15</UID><RefDesState>2</RefDesState><End>0</End><Start>1</Start><RefDesName>C101</RefDesName><ToggleRefDes>1</ToggleRefDes><UID>16</UID><RefDesState>2</RefDesState><End>0</End><Start>1</Start><RefDesName>C742</RefDesName><ToggleRefDes>1</ToggleRefDes><UID>17</UID><RefDesState>2</RefDesState><End>0</End><Start>1</Start><RefDesName>C746</RefDesName><ToggleRefDes>1</ToggleRefDes><UID>18</UID><RefDesState>2</RefDesState><End>0</End><Start>1</Start><RefDesName>C86</RefDesName><ToggleRefDes>1</ToggleRefDes><UID>19</UID><RefDesState>2</RefDesState><End>0</End><Start>1</Start><RefDesName>C87</RefDesName><ToggleRefDes>1</ToggleRefDes><UID>20</UID><RefDesState>2</RefDesState><End>0</End><Start>1</Start><RefDesName>C89</RefDesName><ToggleRefDes>1</ToggleRefDes><UID>21</UID><RefDesState>2</RefDesState><End>0</End><Start>1</Start><RefDesName>C92</RefDesName><ToggleRefDes>1</ToggleRefDes><UID>22</UID><RefDesState>2</RefDesState><End>0</End><Start>1</Start><RefDesName>C94</RefDesName><ToggleRefDes>1</ToggleRefDes><UID>23</UID><RefDesState>2</RefDesState><End>0</End><Start>1</Start><RefDesName>C98</RefDesName><ToggleRefDes>1</ToggleRefDes><UID>24</UID><RefDesState>2</RefDesState><End>0</End><Start>1</Start><RefDesName>C66</RefDesName><ToggleRefDes>1</ToggleRefDes><UID>25</UID><RefDesState>2</RefDesState><End>0</End><Start>1</Start><RefDesName>C741</RefDesName><ToggleRefDes>1</ToggleRefDes><UID>26</UID><RefDesState>2</RefDesState><End>0</End><Start>1</Start><RefDesName>C745</RefDesName><ToggleRefDes>1</ToggleRefDes><UID>27</UID><RefDesState>2</RefDesState><End>0</End><Start>1</Start><RefDesName>C83</RefDesName><ToggleRefDes>1</ToggleRefDes><UID>28</UID><RefDesState>2</RefDesState><End>0</End><Start>1</Start><RefDesName>C85</RefDesName><ToggleRefDes>1</ToggleRefDes><UID>29</UID><RefDesState>2</RefDesState><End>0</End><Start>1</Start><RefDesName>C102</RefDesName><ToggleRefDes>1</ToggleRefDes><UID>30</UID><RefDesState>2</RefDesState><End>0</End><Start>1</Start><RefDesName>C299</RefDesName><ToggleRefDes>1</ToggleRefDes><UID>31</UID><RefDesState>2</RefDesState><End>0</End><Start>1</Start><RefDesName>C73</RefDesName><ToggleRefDes>1</ToggleRefDes><UID>32</UID><RefDesState>2</RefDesState><End>0</End><Start>1</Start><RefDesName>C84</RefDesName><ToggleRefDes>1</ToggleRefDes><UID>33</UID><RefDesState>2</RefDesState><End>0</End><Start>1</Start><RefDesName>C88</RefDesName><ToggleRefDes>1</ToggleRefDes><UID>34</UID><RefDesState>2</RefDesState><End>0</End><Start>1</Start><RefDesName>C96</RefDesName><ToggleRefDes>1</ToggleRefDes><UID>35</UID><RefDesState>2</RefDesState><End>0</End><Start>1</Start><RefDesName>C97</RefDesName><ToggleRefDes>1</ToggleRefDes><UID>36</UID><RefDesState>2</RefDesState><End>0</End><Start>1</Start><RefDesName>C72</RefDesName><ToggleRefDes>1</ToggleRefDes><UID>37</UID><RefDesState>2</RefDesState><End>0</End><Start>1</Start><RefDesName>C743</RefDesName><ToggleRefDes>1</ToggleRefDes><UID>38</UID><RefDesState>2</RefDesState><End>0</End><Start>1</Start><RefDesName>C744</RefDesName><ToggleRefDes>1</ToggleRefDes><UID>39</UID><RefDesState>2</RefDesState><End>0</End><Start>1</Start><RefDesName>C76</RefDesName><ToggleRefDes>1</ToggleRefDes><UID>40</UID><RefDesState>2</RefDesState><End>0</End><Start>1</Start><RefDesName>C109</RefDesName><ToggleRefDes>1</ToggleRefDes><UID>41</UID><RefDesState>2</RefDesState><End>0</End><Start>1</Start><RefDesName>C110</RefDesName><ToggleRefDes>1</ToggleRefDes><UID>42</UID><RefDesState>2</RefDesState><End>0</End><Start>1</Start><RefDesName>C298</RefDesName><ToggleRefDes>1</ToggleRefDes><UID>43</UID><RefDesState>2</RefDesState><End>0</End><Start>1</Start><RefDesName>C71</RefDesName><ToggleRefDes>1</ToggleRefDes><UID>44</UID><RefDesState>2</RefDesState><End>0</End><Start>1</Start><RefDesName>C82</RefDesName><ToggleRefDes>1</ToggleRefDes><UID>45</UID><RefDesState>2</RefDesState><End>0</End><Start>1</Start><RefDesName>C91</RefDesName><ToggleRefDes>1</ToggleRefDes><UID>46</UID><RefDesState>2</RefDesState><End>0</End><Start>1</Start><RefDesName>C93</RefDesName><ToggleRefDes>1</ToggleRefDes><UID>47</UID><RefDesState>2</RefDesState><End>0</End><Start>1</Start><RefDesName>C95</RefDesName><ToggleRefDes>1</ToggleRefDes><UID>48</UID><RefDesState>2</RefDesState><End>0</End><Start>1</Start><RefDesName>C63</RefDesName><ToggleRefDes>1</ToggleRefDes><UID>49</UID><RefDesState>2</RefDesState><End>0</End><Start>1</Start><RefDesName>R29</RefDesName><ToggleRefDes>1</ToggleRefDes><UID>50</UID><RefDesState>2</RefDesState><End>0</End><Start>1</Start><RefDesName>R3000</RefDesName><ToggleRefDes>1</ToggleRefDes><UID>51</UID><RefDesState>2</RefDesState><End>0</End><Start>1</Start><RefDesName>R71</RefDesName><ToggleRefDes>1</ToggleRefDes><UID>52</UID><RefDesState>2</RefDesState><End>0</End><Start>1</Start><RefDesName>R73</RefDesName><ToggleRefDes>1</ToggleRefDes><UID>53</UID><RefDesState>2</RefDesState><End>0</End><Start>1</Start><RefDesName>R70</RefDesName><ToggleRefDes>1</ToggleRefDes><UID>54</UID><RefDesState>2</RefDesState><End>0</End><Start>1</Start><RefDesName>C1000</RefDesName><ToggleRefDes>1</ToggleRefDes><UID>55</UID><RefDesState>2</RefDesState><End>0</End><Start>1</Start><RefDesName>C1001</RefDesName><ToggleRefDes>1</ToggleRefDes><UID>56</UID><RefDesState>2</RefDesState><End>0</End><Start>1</Start><RefDesName>C1002</RefDesName><ToggleRefDes>1</ToggleRefDes><UID>57</UID><RefDesState>2</RefDesState><End>0</End><Start>1</Start><RefDesName>C1003</RefDesName><ToggleRefDes>1</ToggleRefDes><UID>58</UID><RefDesState>2</RefDesState><End>0</End><Start>1</Start><RefDesName>C1004</RefDesName><ToggleRefDes>1</ToggleRefDes><UID>59</UID><RefDesState>2</RefDesState><End>0</End><Start>1</Start><RefDesName>C1005</RefDesName><ToggleRefDes>1</ToggleRefDes><UID>60</UID><RefDesState>2</RefDesState><End>0</End><Start>1</Start><RefDesName>C1006</RefDesName><ToggleRefDes>1</ToggleRefDes><UID>61</UID><RefDesState>2</RefDesState><End>0</End><Start>1</Start><RefDesName>C1007</RefDesName><ToggleRefDes>1</ToggleRefDes><UID>62</UID><RefDesState>2</RefDesState><End>0</End><Start>1</Start><RefDesName>C1008</RefDesName><ToggleRefDes>1</ToggleRefDes><UID>63</UID><RefDesState>2</RefDesState><End>0</End><Start>1</Start><RefDesName>C1009</RefDesName><ToggleRefDes>1</ToggleRefDes><UID>64</UID><RefDesState>2</RefDesState><End>0</End><Start>1</Start><RefDesName>C1010</RefDesName><ToggleRefDes>1</ToggleRefDes><UID>65</UID><RefDesState>2</RefDesState><End>0</End><Start>1</Start><RefDesName>C1011</RefDesName><ToggleRefDes>1</ToggleRefDes><UID>66</UID><RefDesState>2</RefDesState><End>0</End><Start>1</Start><RefDesName>C1012</RefDesName><ToggleRefDes>1</ToggleRefDes><UID>67</UID><RefDesState>2</RefDesState><End>0</End><Start>1</Start><RefDesName>C1013</RefDesName><ToggleRefDes>1</ToggleRefDes><UID>68</UID><RefDesState>2</RefDesState><End>0</End><Start>1</Start><RefDesName>C1014</RefDesName><ToggleRefDes>1</ToggleRefDes><UID>69</UID><RefDesState>2</RefDesState><End>0</End><Start>1</Start><RefDesName>C1015</RefDesName><ToggleRefDes>1</ToggleRefDes><UID>70</UID><RefDesState>2</RefDesState><End>0</End><Start>1</Start><RefDesName>C1016</RefDesName><ToggleRefDes>1</ToggleRefDes><UID>71</UID><RefDesState>2</RefDesState><End>0</End><Start>1</Start><RefDesName>C1017</RefDesName><ToggleRefDes>1</ToggleRefDes><UID>72</UID><RefDesState>2</RefDesState><End>0</End><Start>1</Start><RefDesName>C1018</RefDesName><ToggleRefDes>1</ToggleRefDes><UID>73</UID><RefDesState>2</RefDesState><End>0</End><Start>1</Start><RefDesName>C1019</RefDesName><ToggleRefDes>1</ToggleRefDes><UID>74</UID><RefDesState>2</RefDesState><End>0</End><Start>1</Start><RefDesName>C106</RefDesName><ToggleRefDes>1</ToggleRefDes><UID>75</UID><RefDesState>2</RefDesState><End>0</End><Start>1</Start><RefDesName>C1100</RefDesName><ToggleRefDes>1</ToggleRefDes><UID>76</UID><RefDesState>2</RefDesState><End>0</End><Start>1</Start><RefDesName>C1101</RefDesName><ToggleRefDes>1</ToggleRefDes><UID>77</UID><RefDesState>2</RefDesState><End>0</End><Start>1</Start><RefDesName>C1102</RefDesName><ToggleRefDes>1</ToggleRefDes><UID>78</UID><RefDesState>2</RefDesState><End>0</End><Start>1</Start><RefDesName>C1103</RefDesName><ToggleRefDes>1</ToggleRefDes><UID>79</UID><RefDesState>2</RefDesState><End>0</End><Start>1</Start><RefDesName>C1104</RefDesName><ToggleRefDes>1</ToggleRefDes><UID>80</UID><RefDesState>2</RefDesState><End>0</End><Start>1</Start><RefDesName>C1105</RefDesName><ToggleRefDes>1</ToggleRefDes><UID>81</UID><RefDesState>2</RefDesState><End>0</End><Start>1</Start><RefDesName>C1106</RefDesName><ToggleRefDes>1</ToggleRefDes><UID>82</UID><RefDesState>2</RefDesState><End>0</End><Start>1</Start><RefDesName>C1107</RefDesName><ToggleRefDes>1</ToggleRefDes><UID>83</UID><RefDesState>2</RefDesState><End>0</End><Start>1</Start><RefDesName>C1108</RefDesName><ToggleRefDes>1</ToggleRefDes><UID>84</UID><RefDesState>2</RefDesState><End>0</End><Start>1</Start><RefDesName>C119</RefDesName><ToggleRefDes>1</ToggleRefDes><UID>85</UID><RefDesState>2</RefDesState><End>0</End><Start>1</Start><RefDesName>C130</RefDesName><ToggleRefDes>1</ToggleRefDes><UID>86</UID><RefDesState>2</RefDesState><End>0</End><Start>1</Start><RefDesName>C132</RefDesName><ToggleRefDes>1</ToggleRefDes><UID>87</UID><RefDesState>2</RefDesState><End>0</End><Start>1</Start><RefDesName>C133</RefDesName><ToggleRefDes>1</ToggleRefDes><UID>88</UID><RefDesState>2</RefDesState><End>0</End><Start>1</Start><RefDesName>C139</RefDesName><ToggleRefDes>1</ToggleRefDes><UID>89</UID><RefDesState>2</RefDesState><End>0</End><Start>1</Start><RefDesName>C1700</RefDesName><ToggleRefDes>1</ToggleRefDes><UID>90</UID><RefDesState>2</RefDesState><End>0</End><Start>1</Start><RefDesName>C1701</RefDesName><ToggleRefDes>1</ToggleRefDes><UID>91</UID><RefDesState>2</RefDesState><End>0</End><Start>1</Start><RefDesName>C1702</RefDesName><ToggleRefDes>1</ToggleRefDes><UID>92</UID><RefDesState>2</RefDesState><End>0</End><Start>1</Start><RefDesName>C1703</RefDesName><ToggleRefDes>1</ToggleRefDes><UID>93</UID><RefDesState>2</RefDesState><End>0</End><Start>1</Start><RefDesName>C176</RefDesName><ToggleRefDes>1</ToggleRefDes><UID>94</UID><RefDesState>2</RefDesState><End>0</End><Start>1</Start><RefDesName>C177</RefDesName><ToggleRefDes>1</ToggleRefDes><UID>95</UID><RefDesState>2</RefDesState><End>0</End><Start>1</Start><RefDesName>C197</RefDesName><ToggleRefDes>1</ToggleRefDes><UID>96</UID><RefDesState>2</RefDesState><End>0</End><Start>1</Start><RefDesName>C2001</RefDesName><ToggleRefDes>1</ToggleRefDes><UID>97</UID><RefDesState>2</RefDesState><End>0</End><Start>1</Start><RefDesName>C201</RefDesName><ToggleRefDes>1</ToggleRefDes><UID>98</UID><RefDesState>2</RefDesState><End>0</End><Start>1</Start><RefDesName>C2100</RefDesName><ToggleRefDes>1</ToggleRefDes><UID>99</UID><RefDesState>2</RefDesState><End>0</End><Start>1</Start><RefDesName>C2101</RefDesName><ToggleRefDes>1</ToggleRefDes><UID>100</UID><RefDesState>2</RefDesState><End>0</End><Start>1</Start><RefDesName>C2102</RefDesName><ToggleRefDes>1</ToggleRefDes><UID>101</UID><RefDesState>2</RefDesState><End>0</End><Start>1</Start><RefDesName>C2103</RefDesName><ToggleRefDes>1</ToggleRefDes><UID>102</UID><RefDesState>2</RefDesState><End>0</End><Start>1</Start><RefDesName>C2104</RefDesName><ToggleRefDes>1</ToggleRefDes><UID>103</UID><RefDesState>2</RefDesState><End>0</End><Start>1</Start><RefDesName>C2105</RefDesName><ToggleRefDes>1</ToggleRefDes><UID>104</UID><RefDesState>2</RefDesState><End>0</End><Start>1</Start><RefDesName>C2106</RefDesName><ToggleRefDes>1</ToggleRefDes><UID>105</UID><RefDesState>2</RefDesState><End>0</End><Start>1</Start><RefDesName>C2107</RefDesName><ToggleRefDes>1</ToggleRefDes><UID>106</UID><RefDesState>2</RefDesState><End>0</End><Start>1</Start><RefDesName>C2108</RefDesName><ToggleRefDes>1</ToggleRefDes><UID>107</UID><RefDesState>2</RefDesState><End>0</End><Start>1</Start><RefDesName>C2109</RefDesName><ToggleRefDes>1</ToggleRefDes><UID>108</UID><RefDesState>2</RefDesState><End>0</End><Start>1</Start><RefDesName>C2110</RefDesName><ToggleRefDes>1</ToggleRefDes><UID>109</UID><RefDesState>2</RefDesState><End>0</End><Start>1</Start><RefDesName>C2111</RefDesName><ToggleRefDes>1</ToggleRefDes><UID>110</UID><RefDesState>2</RefDesState><End>0</End><Start>1</Start><RefDesName>C2112</RefDesName><ToggleRefDes>1</ToggleRefDes><UID>111</UID><RefDesState>2</RefDesState><End>0</End><Start>1</Start><RefDesName>C2113</RefDesName><ToggleRefDes>1</ToggleRefDes><UID>112</UID><RefDesState>2</RefDesState><End>0</End><Start>1</Start><RefDesName>C2114</RefDesName><ToggleRefDes>1</ToggleRefDes><UID>113</UID><RefDesState>2</RefDesState><End>0</End><Start>1</Start><RefDesName>C2115</RefDesName><ToggleRefDes>1</ToggleRefDes><UID>114</UID><RefDesState>2</RefDesState><End>0</End><Start>1</Start><RefDesName>C2116</RefDesName><ToggleRefDes>1</ToggleRefDes><UID>115</UID><RefDesState>2</RefDesState><End>0</End><Start>1</Start><RefDesName>C2117</RefDesName><ToggleRefDes>1</ToggleRefDes><UID>116</UID><RefDesState>2</RefDesState><End>0</End><Start>1</Start><RefDesName>C2118</RefDesName><ToggleRefDes>1</ToggleRefDes><UID>117</UID><RefDesState>2</RefDesState><End>0</End><Start>1</Start><RefDesName>C2119</RefDesName><ToggleRefDes>1</ToggleRefDes><UID>118</UID><RefDesState>2</RefDesState><End>0</End><Start>1</Start><RefDesName>C2120</RefDesName><ToggleRefDes>1</ToggleRefDes><UID>119</UID><RefDesState>2</RefDesState><End>0</End><Start>1</Start><RefDesName>C2121</RefDesName><ToggleRefDes>1</ToggleRefDes><UID>120</UID><RefDesState>2</RefDesState><End>0</End><Start>1</Start><RefDesName>C2122</RefDesName><ToggleRefDes>1</ToggleRefDes><UID>121</UID><RefDesState>2</RefDesState><End>0</End><Start>1</Start><RefDesName>C2123</RefDesName><ToggleRefDes>1</ToggleRefDes><UID>122</UID><RefDesState>2</RefDesState><End>0</End><Start>1</Start><RefDesName>C2124</RefDesName><ToggleRefDes>1</ToggleRefDes><UID>123</UID><RefDesState>2</RefDesState><End>0</End><Start>1</Start><RefDesName>C2125</RefDesName><ToggleRefDes>1</ToggleRefDes><UID>124</UID><RefDesState>2</RefDesState><End>0</End><Start>1</Start><RefDesName>C2126</RefDesName><ToggleRefDes>1</ToggleRefDes><UID>125</UID><RefDesState>2</RefDesState><End>0</End><Start>1</Start><RefDesName>C2127</RefDesName><ToggleRefDes>1</ToggleRefDes><UID>126</UID><RefDesState>2</RefDesState><End>0</End><Start>1</Start><RefDesName>C2128</RefDesName><ToggleRefDes>1</ToggleRefDes><UID>127</UID><RefDesState>2</RefDesState><End>0</End><Start>1</Start><RefDesName>C2129</RefDesName><ToggleRefDes>1</ToggleRefDes><UID>128</UID><RefDesState>2</RefDesState><End>0</End><Start>1</Start><RefDesName>C2130</RefDesName><ToggleRefDes>1</ToggleRefDes><UID>129</UID><RefDesState>2</RefDesState><End>0</End><Start>1</Start><RefDesName>C2131</RefDesName><ToggleRefDes>1</ToggleRefDes><UID>130</UID><RefDesState>2</RefDesState><End>0</End><Start>1</Start><RefDesName>C2132</RefDesName><ToggleRefDes>1</ToggleRefDes><UID>131</UID><RefDesState>2</RefDesState><End>0</End><Start>1</Start><RefDesName>C2133</RefDesName><ToggleRefDes>1</ToggleRefDes><UID>132</UID><RefDesState>2</RefDesState><End>0</End><Start>1</Start><RefDesName>C2134</RefDesName><ToggleRefDes>1</ToggleRefDes><UID>133</UID><RefDesState>2</RefDesState><End>0</End><Start>1</Start><RefDesName>C2135</RefDesName><ToggleRefDes>1</ToggleRefDes><UID>134</UID><RefDesState>2</RefDesState><End>0</End><Start>1</Start><RefDesName>C2136</RefDesName><ToggleRefDes>1</ToggleRefDes><UID>135</UID><RefDesState>2</RefDesState><End>0</End><Start>1</Start><RefDesName>C2137</RefDesName><ToggleRefDes>1</ToggleRefDes><UID>136</UID><RefDesState>2</RefDesState><End>0</End><Start>1</Start><RefDesName>C2138</RefDesName><ToggleRefDes>1</ToggleRefDes><UID>137</UID><RefDesState>2</RefDesState><End>0</End><Start>1</Start><RefDesName>C227</RefDesName><ToggleRefDes>1</ToggleRefDes><UID>138</UID><RefDesState>2</RefDesState><End>0</End><Start>1</Start><RefDesName>C272</RefDesName><ToggleRefDes>1</ToggleRefDes><UID>139</UID><RefDesState>2</RefDesState><End>0</End><Start>1</Start><RefDesName>C300</RefDesName><ToggleRefDes>1</ToggleRefDes><UID>140</UID><RefDesState>2</RefDesState><End>0</End><Start>1</Start><RefDesName>C348</RefDesName><ToggleRefDes>1</ToggleRefDes><UID>141</UID><RefDesState>2</RefDesState><End>0</End><Start>1</Start><RefDesName>C349</RefDesName><ToggleRefDes>1</ToggleRefDes><UID>142</UID><RefDesState>2</RefDesState><End>0</End><Start>1</Start><RefDesName>C352</RefDesName><ToggleRefDes>1</ToggleRefDes><UID>143</UID><RefDesState>2</RefDesState><End>0</End><Start>1</Start><RefDesName>C353</RefDesName><ToggleRefDes>1</ToggleRefDes><UID>144</UID><RefDesState>2</RefDesState><End>0</End><Start>1</Start><RefDesName>C354</RefDesName><ToggleRefDes>1</ToggleRefDes><UID>145</UID><RefDesState>2</RefDesState><End>0</End><Start>1</Start><RefDesName>C355</RefDesName><ToggleRefDes>1</ToggleRefDes><UID>146</UID><RefDesState>2</RefDesState><End>0</End><Start>1</Start><RefDesName>C364</RefDesName><ToggleRefDes>1</ToggleRefDes><UID>147</UID><RefDesState>2</RefDesState><End>0</End><Start>1</Start><RefDesName>C403</RefDesName><ToggleRefDes>1</ToggleRefDes><UID>148</UID><RefDesState>2</RefDesState><End>0</End><Start>1</Start><RefDesName>C4100</RefDesName><ToggleRefDes>1</ToggleRefDes><UID>149</UID><RefDesState>2</RefDesState><End>0</End><Start>1</Start><RefDesName>C4101</RefDesName><ToggleRefDes>1</ToggleRefDes><UID>150</UID><RefDesState>2</RefDesState><End>0</End><Start>1</Start><RefDesName>C4102</RefDesName><ToggleRefDes>1</ToggleRefDes><UID>151</UID><RefDesState>2</RefDesState><End>0</End><Start>1</Start><RefDesName>C4103</RefDesName><ToggleRefDes>1</ToggleRefDes><UID>152</UID><RefDesState>2</RefDesState><End>0</End><Start>1</Start><RefDesName>C4104</RefDesName><ToggleRefDes>1</ToggleRefDes><UID>153</UID><RefDesState>2</RefDesState><End>0</End><Start>1</Start><RefDesName>C4105</RefDesName><ToggleRefDes>1</ToggleRefDes><UID>154</UID><RefDesState>2</RefDesState><End>0</End><Start>1</Start><RefDesName>C415</RefDesName><ToggleRefDes>1</ToggleRefDes><UID>155</UID><RefDesState>2</RefDesState><End>0</End><Start>1</Start><RefDesName>C416</RefDesName><ToggleRefDes>1</ToggleRefDes><UID>156</UID><RefDesState>2</RefDesState><End>0</End><Start>1</Start><RefDesName>C417</RefDesName><ToggleRefDes>1</ToggleRefDes><UID>157</UID><RefDesState>2</RefDesState><End>0</End><Start>1</Start><RefDesName>C418</RefDesName><ToggleRefDes>1</ToggleRefDes><UID>158</UID><RefDesState>2</RefDesState><End>0</End><Start>1</Start><RefDesName>C419</RefDesName><ToggleRefDes>1</ToggleRefDes><UID>159</UID><RefDesState>2</RefDesState><End>0</End><Start>1</Start><RefDesName>C4600</RefDesName><ToggleRefDes>1</ToggleRefDes><UID>160</UID><RefDesState>2</RefDesState><End>0</End><Start>1</Start><RefDesName>C4601</RefDesName><ToggleRefDes>1</ToggleRefDes><UID>161</UID><RefDesState>2</RefDesState><End>0</End><Start>1</Start><RefDesName>C4602</RefDesName><ToggleRefDes>1</ToggleRefDes><UID>162</UID><RefDesState>2</RefDesState><End>0</End><Start>1</Start><RefDesName>C4603</RefDesName><ToggleRefDes>1</ToggleRefDes><UID>163</UID><RefDesState>2</RefDesState><End>0</End><Start>1</Start><RefDesName>C4604</RefDesName><ToggleRefDes>1</ToggleRefDes><UID>164</UID><RefDesState>2</RefDesState><End>0</End><Start>1</Start><RefDesName>C4605</RefDesName><ToggleRefDes>1</ToggleRefDes><UID>165</UID><RefDesState>2</RefDesState><End>0</End><Start>1</Start><RefDesName>C5000</RefDesName><ToggleRefDes>1</ToggleRefDes><UID>166</UID><RefDesState>2</RefDesState><End>0</End><Start>1</Start><RefDesName>C5001</RefDesName><ToggleRefDes>1</ToggleRefDes><UID>167</UID><RefDesState>2</RefDesState><End>0</End><Start>1</Start><RefDesName>C5002</RefDesName><ToggleRefDes>1</ToggleRefDes><UID>168</UID><RefDesState>2</RefDesState><End>0</End><Start>1</Start><RefDesName>C5003</RefDesName><ToggleRefDes>1</ToggleRefDes><UID>169</UID><RefDesState>2</RefDesState><End>0</End><Start>1</Start><RefDesName>C5004</RefDesName><ToggleRefDes>1</ToggleRefDes><UID>170</UID><RefDesState>2</RefDesState><End>0</End><Start>1</Start><RefDesName>C5005</RefDesName><ToggleRefDes>1</ToggleRefDes><UID>171</UID><RefDesState>2</RefDesState><End>0</End><Start>1</Start><RefDesName>C5006</RefDesName><ToggleRefDes>1</ToggleRefDes><UID>172</UID><RefDesState>2</RefDesState><End>0</End><Start>1</Start><RefDesName>C5007</RefDesName><ToggleRefDes>1</ToggleRefDes><UID>173</UID><RefDesState>2</RefDesState><End>0</End><Start>1</Start><RefDesName>C5008</RefDesName><ToggleRefDes>1</ToggleRefDes><UID>174</UID><RefDesState>2</RefDesState><End>0</End><Start>1</Start><RefDesName>C5009</RefDesName><ToggleRefDes>1</ToggleRefDes><UID>175</UID><RefDesState>2</RefDesState><End>0</End><Start>1</Start><RefDesName>C5011</RefDesName><ToggleRefDes>1</ToggleRefDes><UID>176</UID><RefDesState>2</RefDesState><End>0</End><Start>1</Start><RefDesName>C5013</RefDesName><ToggleRefDes>1</ToggleRefDes><UID>177</UID><RefDesState>2</RefDesState><End>0</End><Start>1</Start><RefDesName>C5014</RefDesName><ToggleRefDes>1</ToggleRefDes><UID>178</UID><RefDesState>2</RefDesState><End>0</End><Start>1</Start><RefDesName>C5100</RefDesName><ToggleRefDes>1</ToggleRefDes><UID>179</UID><RefDesState>2</RefDesState><End>0</End><Start>1</Start><RefDesName>C5101</RefDesName><ToggleRefDes>1</ToggleRefDes><UID>180</UID><RefDesState>2</RefDesState><End>0</End><Start>1</Start><RefDesName>C5102</RefDesName><ToggleRefDes>1</ToggleRefDes><UID>181</UID><RefDesState>2</RefDesState><End>0</End><Start>1</Start><RefDesName>C5103</RefDesName><ToggleRefDes>1</ToggleRefDes><UID>182</UID><RefDesState>2</RefDesState><End>0</End><Start>1</Start><RefDesName>C5104</RefDesName><ToggleRefDes>1</ToggleRefDes><UID>183</UID><RefDesState>2</RefDesState><End>0</End><Start>1</Start><RefDesName>C5105</RefDesName><ToggleRefDes>1</ToggleRefDes><UID>184</UID><RefDesState>2</RefDesState><End>0</End><Start>1</Start><RefDesName>C6004</RefDesName><ToggleRefDes>1</ToggleRefDes><UID>185</UID><RefDesState>2</RefDesState><End>0</End><Start>1</Start><RefDesName>C6005</RefDesName><ToggleRefDes>1</ToggleRefDes><UID>186</UID><RefDesState>2</RefDesState><End>0</End><Start>1</Start><RefDesName>C6006</RefDesName><ToggleRefDes>1</ToggleRefDes><UID>187</UID><RefDesState>2</RefDesState><End>0</End><Start>1</Start><RefDesName>C6007</RefDesName><ToggleRefDes>1</ToggleRefDes><UID>188</UID><RefDesState>2</RefDesState><End>0</End><Start>1</Start><RefDesName>C6008</RefDesName><ToggleRefDes>1</ToggleRefDes><UID>189</UID><RefDesState>2</RefDesState><End>0</End><Start>1</Start><RefDesName>C6009</RefDesName><ToggleRefDes>1</ToggleRefDes><UID>190</UID><RefDesState>2</RefDesState><End>0</End><Start>1</Start><RefDesName>C6010</RefDesName><ToggleRefDes>1</ToggleRefDes><UID>191</UID><RefDesState>2</RefDesState><End>0</End><Start>1</Start><RefDesName>C6013</RefDesName><ToggleRefDes>1</ToggleRefDes><UID>192</UID><RefDesState>2</RefDesState><End>0</End><Start>1</Start><RefDesName>C6014</RefDesName><ToggleRefDes>1</ToggleRefDes><UID>193</UID><RefDesState>2</RefDesState><End>0</End><Start>1</Start><RefDesName>C61</RefDesName><ToggleRefDes>1</ToggleRefDes><UID>194</UID><RefDesState>2</RefDesState><End>0</End><Start>1</Start><RefDesName>C7001</RefDesName><ToggleRefDes>1</ToggleRefDes><UID>195</UID><RefDesState>2</RefDesState><End>0</End><Start>1</Start><RefDesName>C7005</RefDesName><ToggleRefDes>1</ToggleRefDes><UID>196</UID><RefDesState>2</RefDesState><End>0</End><Start>1</Start><RefDesName>C7510</RefDesName><ToggleRefDes>1</ToggleRefDes><UID>197</UID><RefDesState>2</RefDesState><End>0</End><Start>1</Start><RefDesName>C7514</RefDesName><ToggleRefDes>1</ToggleRefDes><UID>198</UID><RefDesState>2</RefDesState><End>0</End><Start>1</Start><RefDesName>C7515</RefDesName><ToggleRefDes>1</ToggleRefDes><UID>199</UID><RefDesState>2</RefDesState><End>0</End><Start>1</Start><RefDesName>C8201</RefDesName><ToggleRefDes>1</ToggleRefDes><UID>200</UID><RefDesState>2</RefDesState><End>0</End><Start>1</Start><RefDesName>C8202</RefDesName><ToggleRefDes>1</ToggleRefDes><UID>201</UID><RefDesState>2</RefDesState><End>0</End><Start>1</Start><RefDesName>C8203</RefDesName><ToggleRefDes>1</ToggleRefDes><UID>202</UID><RefDesState>2</RefDesState><End>0</End><Start>1</Start><RefDesName>C8204</RefDesName><ToggleRefDes>1</ToggleRefDes><UID>203</UID><RefDesState>2</RefDesState><End>0</End><Start>1</Start><RefDesName>C8206</RefDesName><ToggleRefDes>1</ToggleRefDes><UID>204</UID><RefDesState>2</RefDesState><End>0</End><Start>1</Start><RefDesName>C8212</RefDesName><ToggleRefDes>1</ToggleRefDes><UID>205</UID><RefDesState>2</RefDesState><End>0</End><Start>1</Start><RefDesName>C8213</RefDesName><ToggleRefDes>1</ToggleRefDes><UID>206</UID><RefDesState>2</RefDesState><End>0</End><Start>1</Start><RefDesName>C8234</RefDesName><ToggleRefDes>1</ToggleRefDes><UID>207</UID><RefDesState>2</RefDesState><End>0</End><Start>1</Start><RefDesName>CN1</RefDesName><ToggleRefDes>1</ToggleRefDes><UID>208</UID><RefDesState>2</RefDesState><End>0</End><Start>1</Start><RefDesName>D5000</RefDesName><ToggleRefDes>1</ToggleRefDes><UID>209</UID><RefDesState>2</RefDesState><End>0</End><Start>1</Start><RefDesName>D5001</RefDesName><ToggleRefDes>1</ToggleRefDes><UID>210</UID><RefDesState>2</RefDesState><End>0</End><Start>1</Start><RefDesName>D5002</RefDesName><ToggleRefDes>1</ToggleRefDes><UID>211</UID><RefDesState>2</RefDesState><End>0</End><Start>1</Start><RefDesName>D5003</RefDesName><ToggleRefDes>1</ToggleRefDes><UID>212</UID><RefDesState>2</RefDesState><End>0</End><Start>1</Start><RefDesName>D5004</RefDesName><ToggleRefDes>1</ToggleRefDes><UID>213</UID><RefDesState>2</RefDesState><End>0</End><Start>1</Start><RefDesName>D5100</RefDesName><ToggleRefDes>1</ToggleRefDes><UID>214</UID><RefDesState>2</RefDesState><End>0</End><Start>1</Start><RefDesName>ED2100</RefDesName><ToggleRefDes>1</ToggleRefDes><UID>215</UID><RefDesState>2</RefDesState><End>0</End><Start>1</Start><RefDesName>ED2101</RefDesName><ToggleRefDes>1</ToggleRefDes><UID>216</UID><RefDesState>2</RefDesState><End>0</End><Start>1</Start><RefDesName>FB1</RefDesName><ToggleRefDes>1</ToggleRefDes><UID>217</UID><RefDesState>2</RefDesState><End>0</End><Start>1</Start><RefDesName>FB1100</RefDesName><ToggleRefDes>1</ToggleRefDes><UID>218</UID><RefDesState>2</RefDesState><End>0</End><Start>1</Start><RefDesName>FB16</RefDesName><ToggleRefDes>1</ToggleRefDes><UID>219</UID><RefDesState>2</RefDesState><End>0</End><Start>1</Start><RefDesName>HR25</RefDesName><ToggleRefDes>1</ToggleRefDes><UID>220</UID><RefDesState>2</RefDesState><End>0</End><Start>1</Start><RefDesName>HR48</RefDesName><ToggleRefDes>1</ToggleRefDes><UID>221</UID><RefDesState>2</RefDesState><End>0</End><Start>1</Start><RefDesName>J4100</RefDesName><ToggleRefDes>1</ToggleRefDes><UID>222</UID><RefDesState>2</RefDesState><End>0</End><Start>1</Start><RefDesName>J4600</RefDesName><ToggleRefDes>1</ToggleRefDes><UID>223</UID><RefDesState>2</RefDesState><End>0</End><Start>1</Start><RefDesName>J8103</RefDesName><ToggleRefDes>1</ToggleRefDes><UID>224</UID><RefDesState>2</RefDesState><End>0</End><Start>1</Start><RefDesName>KK1</RefDesName><ToggleRefDes>1</ToggleRefDes><UID>225</UID><RefDesState>2</RefDesState><End>0</End><Start>1</Start><RefDesName>KK2</RefDesName><ToggleRefDes>1</ToggleRefDes><UID>226</UID><RefDesState>2</RefDesState><End>0</End><Start>1</Start><RefDesName>KK3</RefDesName><ToggleRefDes>1</ToggleRefDes><UID>227</UID><RefDesState>2</RefDesState><End>0</End><Start>1</Start><RefDesName>KK7</RefDesName><ToggleRefDes>1</ToggleRefDes><UID>228</UID><RefDesState>2</RefDesState><End>0</End><Start>1</Start><RefDesName>KK8</RefDesName><ToggleRefDes>1</ToggleRefDes><UID>229</UID><RefDesState>2</RefDesState><End>0</End><Start>1</Start><RefDesName>L13</RefDesName><ToggleRefDes>1</ToggleRefDes><UID>230</UID><RefDesState>2</RefDesState><End>0</End><Start>1</Start><RefDesName>L2100</RefDesName><ToggleRefDes>1</ToggleRefDes><UID>231</UID><RefDesState>2</RefDesState><End>0</End><Start>1</Start><RefDesName>L2101</RefDesName><ToggleRefDes>1</ToggleRefDes><UID>232</UID><RefDesState>2</RefDesState><End>0</End><Start>1</Start><RefDesName>L2102</RefDesName><ToggleRefDes>1</ToggleRefDes><UID>233</UID><RefDesState>2</RefDesState><End>0</End><Start>1</Start><RefDesName>L2103</RefDesName><ToggleRefDes>1</ToggleRefDes><UID>234</UID><RefDesState>2</RefDesState><End>0</End><Start>1</Start><RefDesName>L2104</RefDesName><ToggleRefDes>1</ToggleRefDes><UID>235</UID><RefDesState>2</RefDesState><End>0</End><Start>1</Start><RefDesName>L2105</RefDesName><ToggleRefDes>1</ToggleRefDes><UID>236</UID><RefDesState>2</RefDesState><End>0</End><Start>1</Start><RefDesName>L5000</RefDesName><ToggleRefDes>1</ToggleRefDes><UID>237</UID><RefDesState>2</RefDesState><End>0</End><Start>1</Start><RefDesName>L5100</RefDesName><ToggleRefDes>1</ToggleRefDes><UID>238</UID><RefDesState>2</RefDesState><End>0</End><Start>1</Start><RefDesName>LOUT+</RefDesName><ToggleRefDes>1</ToggleRefDes><UID>239</UID><RefDesState>2</RefDesState><End>0</End><Start>1</Start><RefDesName>LOUT+1</RefDesName><ToggleRefDes>1</ToggleRefDes><UID>240</UID><RefDesState>2</RefDesState><End>0</End><Start>1</Start><RefDesName>LOUT-</RefDesName><ToggleRefDes>1</ToggleRefDes><UID>241</UID><RefDesState>2</RefDesState><End>0</End><Start>1</Start><RefDesName>LOUT-1</RefDesName><ToggleRefDes>1</ToggleRefDes><UID>242</UID><RefDesState>2</RefDesState><End>0</End><Start>1</Start><RefDesName>M2002</RefDesName><ToggleRefDes>1</ToggleRefDes><UID>243</UID><RefDesState>2</RefDesState><End>0</End><Start>1</Start><RefDesName>M2003</RefDesName><ToggleRefDes>1</ToggleRefDes><UID>244</UID><RefDesState>2</RefDesState><End>0</End><Start>1</Start><RefDesName>P4600</RefDesName><ToggleRefDes>1</ToggleRefDes><UID>245</UID><RefDesState>2</RefDesState><End>0</End><Start>1</Start><RefDesName>P4601</RefDesName><ToggleRefDes>1</ToggleRefDes><UID>246</UID><RefDesState>2</RefDesState><End>0</End><Start>1</Start><RefDesName>P4602</RefDesName><ToggleRefDes>1</ToggleRefDes><UID>247</UID><RefDesState>2</RefDesState><End>0</End><Start>1</Start><RefDesName>P4603</RefDesName><ToggleRefDes>1</ToggleRefDes><UID>248</UID><RefDesState>2</RefDesState><End>0</End><Start>1</Start><RefDesName>P4604</RefDesName><ToggleRefDes>1</ToggleRefDes><UID>249</UID><RefDesState>2</RefDesState><End>0</End><Start>1</Start><RefDesName>P4605</RefDesName><ToggleRefDes>1</ToggleRefDes><UID>250</UID><RefDesState>2</RefDesState><End>0</End><Start>1</Start><RefDesName>P4606</RefDesName><ToggleRefDes>1</ToggleRefDes><UID>251</UID><RefDesState>2</RefDesState><End>0</End><Start>1</Start><RefDesName>P4607</RefDesName><ToggleRefDes>1</ToggleRefDes><UID>252</UID><RefDesState>2</RefDesState><End>0</End><Start>1</Start><RefDesName>P4608</RefDesName><ToggleRefDes>1</ToggleRefDes><UID>253</UID><RefDesState>2</RefDesState><End>0</End><Start>1</Start><RefDesName>P4609</RefDesName><ToggleRefDes>1</ToggleRefDes><UID>254</UID><RefDesState>2</RefDesState><End>0</End><Start>1</Start><RefDesName>P4610</RefDesName><ToggleRefDes>1</ToggleRefDes><UID>255</UID><RefDesState>2</RefDesState><End>0</End><Start>1</Start><RefDesName>P4611</RefDesName><ToggleRefDes>1</ToggleRefDes><UID>256</UID><RefDesState>2</RefDesState><End>0</End><Start>1</Start><RefDesName>P4612</RefDesName><ToggleRefDes>1</ToggleRefDes><UID>257</UID><RefDesState>2</RefDesState><End>0</End><Start>1</Start><RefDesName>P4613</RefDesName><ToggleRefDes>1</ToggleRefDes><UID>258</UID><RefDesState>2</RefDesState><End>0</End><Start>1</Start><RefDesName>P4614</RefDesName><ToggleRefDes>1</ToggleRefDes><UID>259</UID><RefDesState>2</RefDesState><End>0</End><Start>1</Start><RefDesName>P4615</RefDesName><ToggleRefDes>1</ToggleRefDes><UID>260</UID><RefDesState>2</RefDesState><End>0</End><Start>1</Start><RefDesName>P4616</RefDesName><ToggleRefDes>1</ToggleRefDes><UID>261</UID><RefDesState>2</RefDesState><End>0</End><Start>1</Start><RefDesName>P5000</RefDesName><ToggleRefDes>1</ToggleRefDes><UID>262</UID><RefDesState>2</RefDesState><End>0</End><Start>1</Start><RefDesName>Q6000</RefDesName><ToggleRefDes>1</ToggleRefDes><UID>263</UID><RefDesState>2</RefDesState><End>0</End><Start>1</Start><RefDesName>R1100</RefDesName><ToggleRefDes>1</ToggleRefDes><UID>264</UID><RefDesState>2</RefDesState><End>0</End><Start>1</Start><RefDesName>R1101</RefDesName><ToggleRefDes>1</ToggleRefDes><UID>265</UID><RefDesState>2</RefDesState><End>0</End><Start>1</Start><RefDesName>R1102</RefDesName><ToggleRefDes>1</ToggleRefDes><UID>266</UID><RefDesState>2</RefDesState><End>0</End><Start>1</Start><RefDesName>R13</RefDesName><ToggleRefDes>1</ToggleRefDes><UID>267</UID><RefDesState>2</RefDesState><End>0</End><Start>1</Start><RefDesName>R14</RefDesName><ToggleRefDes>1</ToggleRefDes><UID>268</UID><RefDesState>2</RefDesState><End>0</End><Start>1</Start><RefDesName>R150</RefDesName><ToggleRefDes>1</ToggleRefDes><UID>269</UID><RefDesState>2</RefDesState><End>0</End><Start>1</Start><RefDesName>R153</RefDesName><ToggleRefDes>1</ToggleRefDes><UID>270</UID><RefDesState>2</RefDesState><End>0</End><Start>1</Start><RefDesName>R154</RefDesName><ToggleRefDes>1</ToggleRefDes><UID>271</UID><RefDesState>2</RefDesState><End>0</End><Start>1</Start><RefDesName>R155</RefDesName><ToggleRefDes>1</ToggleRefDes><UID>272</UID><RefDesState>2</RefDesState><End>0</End><Start>1</Start><RefDesName>R156</RefDesName><ToggleRefDes>1</ToggleRefDes><UID>273</UID><RefDesState>2</RefDesState><End>0</End><Start>1</Start><RefDesName>R157</RefDesName><ToggleRefDes>1</ToggleRefDes><UID>274</UID><RefDesState>2</RefDesState><End>0</End><Start>1</Start><RefDesName>R162</RefDesName><ToggleRefDes>1</ToggleRefDes><UID>275</UID><RefDesState>2</RefDesState><End>0</End><Start>1</Start><RefDesName>R164</RefDesName><ToggleRefDes>1</ToggleRefDes><UID>276</UID><RefDesState>2</RefDesState><End>0</End><Start>1</Start><RefDesName>R1700</RefDesName><ToggleRefDes>1</ToggleRefDes><UID>277</UID><RefDesState>2</RefDesState><End>0</End><Start>1</Start><RefDesName>R1701</RefDesName><ToggleRefDes>1</ToggleRefDes><UID>278</UID><RefDesState>2</RefDesState><End>0</End><Start>1</Start><RefDesName>R1702</RefDesName><ToggleRefDes>1</ToggleRefDes><UID>279</UID><RefDesState>2</RefDesState><End>0</End><Start>1</Start><RefDesName>R175</RefDesName><ToggleRefDes>1</ToggleRefDes><UID>280</UID><RefDesState>2</RefDesState><End>0</End><Start>1</Start><RefDesName>R1800</RefDesName><ToggleRefDes>1</ToggleRefDes><UID>281</UID><RefDesState>2</RefDesState><End>0</End><Start>1</Start><RefDesName>R1801</RefDesName><ToggleRefDes>1</ToggleRefDes><UID>282</UID><RefDesState>2</RefDesState><End>0</End><Start>1</Start><RefDesName>R20</RefDesName><ToggleRefDes>1</ToggleRefDes><UID>283</UID><RefDesState>2</RefDesState><End>0</End><Start>1</Start><RefDesName>R2000</RefDesName><ToggleRefDes>1</ToggleRefDes><UID>284</UID><RefDesState>2</RefDesState><End>0</End><Start>1</Start><RefDesName>R2001</RefDesName><ToggleRefDes>1</ToggleRefDes><UID>285</UID><RefDesState>2</RefDesState><End>0</End><Start>1</Start><RefDesName>R2100</RefDesName><ToggleRefDes>1</ToggleRefDes><UID>286</UID><RefDesState>2</RefDesState><End>0</End><Start>1</Start><RefDesName>R2101</RefDesName><ToggleRefDes>1</ToggleRefDes><UID>287</UID><RefDesState>2</RefDesState><End>0</End><Start>1</Start><RefDesName>R2102</RefDesName><ToggleRefDes>1</ToggleRefDes><UID>288</UID><RefDesState>2</RefDesState><End>0</End><Start>1</Start><RefDesName>R2103</RefDesName><ToggleRefDes>1</ToggleRefDes><UID>289</UID><RefDesState>2</RefDesState><End>0</End><Start>1</Start><RefDesName>R2104</RefDesName><ToggleRefDes>1</ToggleRefDes><UID>290</UID><RefDesState>2</RefDesState><End>0</End><Start>1</Start><RefDesName>R2105</RefDesName><ToggleRefDes>1</ToggleRefDes><UID>291</UID><RefDesState>2</RefDesState><End>0</End><Start>1</Start><RefDesName>R2106</RefDesName><ToggleRefDes>1</ToggleRefDes><UID>292</UID><RefDesState>2</RefDesState><End>0</End><Start>1</Start><RefDesName>R2107</RefDesName><ToggleRefDes>1</ToggleRefDes><UID>293</UID><RefDesState>2</RefDesState><End>0</End><Start>1</Start><RefDesName>R2108</RefDesName><ToggleRefDes>1</ToggleRefDes><UID>294</UID><RefDesState>2</RefDesState><End>0</End><Start>1</Start><RefDesName>R2109</RefDesName><ToggleRefDes>1</ToggleRefDes><UID>295</UID><RefDesState>2</RefDesState><End>0</End><Start>1</Start><RefDesName>R2110</RefDesName><ToggleRefDes>1</ToggleRefDes><UID>296</UID><RefDesState>2</RefDesState><End>0</End><Start>1</Start><RefDesName>R2111</RefDesName><ToggleRefDes>1</ToggleRefDes><UID>297</UID><RefDesState>2</RefDesState><End>0</End><Start>1</Start><RefDesName>R222</RefDesName><ToggleRefDes>1</ToggleRefDes><UID>298</UID><RefDesState>2</RefDesState><End>0</End><Start>1</Start><RefDesName>R23041</RefDesName><ToggleRefDes>1</ToggleRefDes><UID>299</UID><RefDesState>2</RefDesState><End>0</End><Start>1</Start><RefDesName>R246</RefDesName><ToggleRefDes>1</ToggleRefDes><UID>300</UID><RefDesState>2</RefDesState><End>0</End><Start>1</Start><RefDesName>R306</RefDesName><ToggleRefDes>1</ToggleRefDes><UID>301</UID><RefDesState>2</RefDesState><End>0</End><Start>1</Start><RefDesName>R307</RefDesName><ToggleRefDes>1</ToggleRefDes><UID>302</UID><RefDesState>2</RefDesState><End>0</End><Start>1</Start><RefDesName>R308</RefDesName><ToggleRefDes>1</ToggleRefDes><UID>303</UID><RefDesState>2</RefDesState><End>0</End><Start>1</Start><RefDesName>R309</RefDesName><ToggleRefDes>1</ToggleRefDes><UID>304</UID><RefDesState>2</RefDesState><End>0</End><Start>1</Start><RefDesName>R310</RefDesName><ToggleRefDes>1</ToggleRefDes><UID>305</UID><RefDesState>2</RefDesState><End>0</End><Start>1</Start><RefDesName>R326</RefDesName><ToggleRefDes>1</ToggleRefDes><UID>306</UID><RefDesState>2</RefDesState><End>0</End><Start>1</Start><RefDesName>R327</RefDesName><ToggleRefDes>1</ToggleRefDes><UID>307</UID><RefDesState>2</RefDesState><End>0</End><Start>1</Start><RefDesName>R4100</RefDesName><ToggleRefDes>1</ToggleRefDes><UID>308</UID><RefDesState>2</RefDesState><End>0</End><Start>1</Start><RefDesName>R4101</RefDesName><ToggleRefDes>1</ToggleRefDes><UID>309</UID><RefDesState>2</RefDesState><End>0</End><Start>1</Start><RefDesName>R4102</RefDesName><ToggleRefDes>1</ToggleRefDes><UID>310</UID><RefDesState>2</RefDesState><End>0</End><Start>1</Start><RefDesName>R4103</RefDesName><ToggleRefDes>1</ToggleRefDes><UID>311</UID><RefDesState>2</RefDesState><End>0</End><Start>1</Start><RefDesName>R4104</RefDesName><ToggleRefDes>1</ToggleRefDes><UID>312</UID><RefDesState>2</RefDesState><End>0</End><Start>1</Start><RefDesName>R4105</RefDesName><ToggleRefDes>1</ToggleRefDes><UID>313</UID><RefDesState>2</RefDesState><End>0</End><Start>1</Start><RefDesName>R4106</RefDesName><ToggleRefDes>1</ToggleRefDes><UID>314</UID><RefDesState>2</RefDesState><End>0</End><Start>1</Start><RefDesName>R4107</RefDesName><ToggleRefDes>1</ToggleRefDes><UID>315</UID><RefDesState>2</RefDesState><End>0</End><Start>1</Start><RefDesName>R4108</RefDesName><ToggleRefDes>1</ToggleRefDes><UID>316</UID><RefDesState>2</RefDesState><End>0</End><Start>1</Start><RefDesName>R4109</RefDesName><ToggleRefDes>1</ToggleRefDes><UID>317</UID><RefDesState>2</RefDesState><End>0</End><Start>1</Start><RefDesName>R4600</RefDesName><ToggleRefDes>1</ToggleRefDes><UID>318</UID><RefDesState>2</RefDesState><End>0</End><Start>1</Start><RefDesName>R5000</RefDesName><ToggleRefDes>1</ToggleRefDes><UID>319</UID><RefDesState>2</RefDesState><End>0</End><Start>1</Start><RefDesName>R5001</RefDesName><ToggleRefDes>1</ToggleRefDes><UID>320</UID><RefDesState>2</RefDesState><End>0</End><Start>1</Start><RefDesName>R5002</RefDesName><ToggleRefDes>1</ToggleRefDes><UID>321</UID><RefDesState>2</RefDesState><End>0</End><Start>1</Start><RefDesName>R5004</RefDesName><ToggleRefDes>1</ToggleRefDes><UID>322</UID><RefDesState>2</RefDesState><End>0</End><Start>1</Start><RefDesName>R5005</RefDesName><ToggleRefDes>1</ToggleRefDes><UID>323</UID><RefDesState>2</RefDesState><End>0</End><Start>1</Start><RefDesName>R5006</RefDesName><ToggleRefDes>1</ToggleRefDes><UID>324</UID><RefDesState>2</RefDesState><End>0</End><Start>1</Start><RefDesName>R5008</RefDesName><ToggleRefDes>1</ToggleRefDes><UID>325</UID><RefDesState>2</RefDesState><End>0</End><Start>1</Start><RefDesName>R5100</RefDesName><ToggleRefDes>1</ToggleRefDes><UID>326</UID><RefDesState>2</RefDesState><End>0</End><Start>1</Start><RefDesName>R5101</RefDesName><ToggleRefDes>1</ToggleRefDes><UID>327</UID><RefDesState>2</RefDesState><End>0</End><Start>1</Start><RefDesName>R5102</RefDesName><ToggleRefDes>1</ToggleRefDes><UID>328</UID><RefDesState>2</RefDesState><End>0</End><Start>1</Start><RefDesName>R5103</RefDesName><ToggleRefDes>1</ToggleRefDes><UID>329</UID><RefDesState>2</RefDesState><End>0</End><Start>1</Start><RefDesName>R5104</RefDesName><ToggleRefDes>1</ToggleRefDes><UID>330</UID><RefDesState>2</RefDesState><End>0</End><Start>1</Start><RefDesName>R5105</RefDesName><ToggleRefDes>1</ToggleRefDes><UID>331</UID><RefDesState>2</RefDesState><End>0</End><Start>1</Start><RefDesName>R5106</RefDesName><ToggleRefDes>1</ToggleRefDes><UID>332</UID><RefDesState>2</RefDesState><End>0</End><Start>1</Start><RefDesName>R5107</RefDesName><ToggleRefDes>1</ToggleRefDes><UID>333</UID><RefDesState>2</RefDesState><End>0</End><Start>1</Start><RefDesName>R5108</RefDesName><ToggleRefDes>1</ToggleRefDes><UID>334</UID><RefDesState>2</RefDesState><End>0</End><Start>1</Start><RefDesName>R5109</RefDesName><ToggleRefDes>1</ToggleRefDes><UID>335</UID><RefDesState>2</RefDesState><End>0</End><Start>1</Start><RefDesName>R5110</RefDesName><ToggleRefDes>1</ToggleRefDes><UID>336</UID><RefDesState>2</RefDesState><End>0</End><Start>1</Start><RefDesName>R5111</RefDesName><ToggleRefDes>1</ToggleRefDes><UID>337</UID><RefDesState>2</RefDesState><End>0</End><Start>1</Start><RefDesName>R5112</RefDesName><ToggleRefDes>1</ToggleRefDes><UID>338</UID><RefDesState>2</RefDesState><End>0</End><Start>1</Start><RefDesName>R5113</RefDesName><ToggleRefDes>1</ToggleRefDes><UID>339</UID><RefDesState>2</RefDesState><End>0</End><Start>1</Start><RefDesName>R5114</RefDesName><ToggleRefDes>1</ToggleRefDes><UID>340</UID><RefDesState>2</RefDesState><End>0</End><Start>1</Start><RefDesName>R5115</RefDesName><ToggleRefDes>1</ToggleRefDes><UID>341</UID><RefDesState>2</RefDesState><End>0</End><Start>1</Start><RefDesName>R5116</RefDesName><ToggleRefDes>1</ToggleRefDes><UID>342</UID><RefDesState>2</RefDesState><End>0</End><Start>1</Start><RefDesName>R53</RefDesName><ToggleRefDes>1</ToggleRefDes><UID>343</UID><RefDesState>2</RefDesState><End>0</End><Start>1</Start><RefDesName>R6000</RefDesName><ToggleRefDes>1</ToggleRefDes><UID>344</UID><RefDesState>2</RefDesState><End>0</End><Start>1</Start><RefDesName>R6001</RefDesName><ToggleRefDes>1</ToggleRefDes><UID>345</UID><RefDesState>2</RefDesState><End>0</End><Start>1</Start><RefDesName>R6002</RefDesName><ToggleRefDes>1</ToggleRefDes><UID>346</UID><RefDesState>2</RefDesState><End>0</End><Start>1</Start><RefDesName>R6003</RefDesName><ToggleRefDes>1</ToggleRefDes><UID>347</UID><RefDesState>2</RefDesState><End>0</End><Start>1</Start><RefDesName>R6004</RefDesName><ToggleRefDes>1</ToggleRefDes><UID>348</UID><RefDesState>2</RefDesState><End>0</End><Start>1</Start><RefDesName>R6005</RefDesName><ToggleRefDes>1</ToggleRefDes><UID>349</UID><RefDesState>2</RefDesState><End>0</End><Start>1</Start><RefDesName>R6006</RefDesName><ToggleRefDes>1</ToggleRefDes><UID>350</UID><RefDesState>2</RefDesState><End>0</End><Start>1</Start><RefDesName>R6007</RefDesName><ToggleRefDes>1</ToggleRefDes><UID>351</UID><RefDesState>2</RefDesState><End>0</End><Start>1</Start><RefDesName>R6008</RefDesName><ToggleRefDes>1</ToggleRefDes><UID>352</UID><RefDesState>2</RefDesState><End>0</End><Start>1</Start><RefDesName>R7500</RefDesName><ToggleRefDes>1</ToggleRefDes><UID>353</UID><RefDesState>2</RefDesState><End>0</End><Start>1</Start><RefDesName>R7501</RefDesName><ToggleRefDes>1</ToggleRefDes><UID>354</UID><RefDesState>2</RefDesState><End>0</End><Start>1</Start><RefDesName>R7502</RefDesName><ToggleRefDes>1</ToggleRefDes><UID>355</UID><RefDesState>2</RefDesState><End>0</End><Start>1</Start><RefDesName>R7545</RefDesName><ToggleRefDes>1</ToggleRefDes><UID>356</UID><RefDesState>2</RefDesState><End>0</End><Start>1</Start><RefDesName>R8203</RefDesName><ToggleRefDes>1</ToggleRefDes><UID>357</UID><RefDesState>2</RefDesState><End>0</End><Start>1</Start><RefDesName>R8209</RefDesName><ToggleRefDes>1</ToggleRefDes><UID>358</UID><RefDesState>2</RefDesState><End>0</End><Start>1</Start><RefDesName>R8210</RefDesName><ToggleRefDes>1</ToggleRefDes><UID>359</UID><RefDesState>2</RefDesState><End>0</End><Start>1</Start><RefDesName>R8211</RefDesName><ToggleRefDes>1</ToggleRefDes><UID>360</UID><RefDesState>2</RefDesState><End>0</End><Start>1</Start><RefDesName>R89522</RefDesName><ToggleRefDes>1</ToggleRefDes><UID>361</UID><RefDesState>2</RefDesState><End>0</End><Start>1</Start><RefDesName>R89526</RefDesName><ToggleRefDes>1</ToggleRefDes><UID>362</UID><RefDesState>2</RefDesState><End>0</End><Start>1</Start><RefDesName>R89527</RefDesName><ToggleRefDes>1</ToggleRefDes><UID>363</UID><RefDesState>2</RefDesState><End>0</End><Start>1</Start><RefDesName>R97</RefDesName><ToggleRefDes>1</ToggleRefDes><UID>364</UID><RefDesState>2</RefDesState><End>0</End><Start>1</Start><RefDesName>RP6000</RefDesName><ToggleRefDes>1</ToggleRefDes><UID>365</UID><RefDesState>2</RefDesState><End>0</End><Start>1</Start><RefDesName>T5</RefDesName><ToggleRefDes>1</ToggleRefDes><UID>366</UID><RefDesState>2</RefDesState><End>0</End><Start>1</Start><RefDesName>T5100</RefDesName><ToggleRefDes>1</ToggleRefDes><UID>367</UID><RefDesState>2</RefDesState><End>0</End><Start>1</Start><RefDesName>T5101</RefDesName><ToggleRefDes>1</ToggleRefDes><UID>368</UID><RefDesState>2</RefDesState><End>0</End><Start>1</Start><RefDesName>T5102</RefDesName><ToggleRefDes>1</ToggleRefDes><UID>369</UID><RefDesState>2</RefDesState><End>0</End><Start>1</Start><RefDesName>T5103</RefDesName><ToggleRefDes>1</ToggleRefDes><UID>370</UID><RefDesState>2</RefDesState><End>0</End><Start>1</Start><RefDesName>T5104</RefDesName><ToggleRefDes>1</ToggleRefDes><UID>371</UID><RefDesState>2</RefDesState><End>0</End><Start>1</Start><RefDesName>T5105</RefDesName><ToggleRefDes>1</ToggleRefDes><UID>372</UID><RefDesState>2</RefDesState><End>0</End><Start>1</Start><RefDesName>T5106</RefDesName><ToggleRefDes>1</ToggleRefDes><UID>373</UID><RefDesState>2</RefDesState><End>0</End><Start>1</Start><RefDesName>T5107</RefDesName><ToggleRefDes>1</ToggleRefDes><UID>374</UID><RefDesState>2</RefDesState><End>0</End><Start>1</Start><RefDesName>T5108</RefDesName><ToggleRefDes>1</ToggleRefDes><UID>375</UID><RefDesState>2</RefDesState><End>0</End><Start>1</Start><RefDesName>T5109</RefDesName><ToggleRefDes>1</ToggleRefDes><UID>376</UID><RefDesState>2</RefDesState><End>0</End><Start>1</Start><RefDesName>T5110</RefDesName><ToggleRefDes>1</ToggleRefDes><UID>377</UID><RefDesState>2</RefDesState><End>0</End><Start>1</Start><RefDesName>T5111</RefDesName><ToggleRefDes>1</ToggleRefDes><UID>378</UID><RefDesState>2</RefDesState><End>0</End><Start>1</Start><RefDesName>T5112</RefDesName><ToggleRefDes>1</ToggleRefDes><UID>379</UID><RefDesState>2</RefDesState><End>0</End><Start>1</Start><RefDesName>T5113</RefDesName><ToggleRefDes>1</ToggleRefDes><UID>380</UID><RefDesState>2</RefDesState><End>0</End><Start>1</Start><RefDesName>T6003</RefDesName><ToggleRefDes>1</ToggleRefDes><UID>381</UID><RefDesState>2</RefDesState><End>0</End><Start>1</Start><RefDesName>T6004</RefDesName><ToggleRefDes>1</ToggleRefDes><UID>382</UID><RefDesState>2</RefDesState><End>0</End><Start>1</Start><RefDesName>T6005</RefDesName><ToggleRefDes>1</ToggleRefDes><UID>383</UID><RefDesState>2</RefDesState><End>0</End><Start>1</Start><RefDesName>T6006</RefDesName><ToggleRefDes>1</ToggleRefDes><UID>384</UID><RefDesState>2</RefDesState><End>0</End><Start>1</Start><RefDesName>T6007</RefDesName><ToggleRefDes>1</ToggleRefDes><UID>385</UID><RefDesState>2</RefDesState><End>0</End><Start>1</Start><RefDesName>T6009</RefDesName><ToggleRefDes>1</ToggleRefDes><UID>386</UID><RefDesState>2</RefDesState><End>0</End><Start>1</Start><RefDesName>T6010</RefDesName><ToggleRefDes>1</ToggleRefDes><UID>387</UID><RefDesState>2</RefDesState><End>0</End><Start>1</Start><RefDesName>T6011</RefDesName><ToggleRefDes>1</ToggleRefDes><UID>388</UID><RefDesState>2</RefDesState><End>0</End><Start>1</Start><RefDesName>T6012</RefDesName><ToggleRefDes>1</ToggleRefDes><UID>389</UID><RefDesState>2</RefDesState><End>0</End><Start>1</Start><RefDesName>T6013</RefDesName><ToggleRefDes>1</ToggleRefDes><UID>390</UID><RefDesState>2</RefDesState><End>0</End><Start>1</Start><RefDesName>T6014</RefDesName><ToggleRefDes>1</ToggleRefDes><UID>391</UID><RefDesState>2</RefDesState><End>0</End><Start>1</Start><RefDesName>TP1100</RefDesName><ToggleRefDes>1</ToggleRefDes><UID>392</UID><RefDesState>2</RefDesState><End>0</End><Start>1</Start><RefDesName>TP1101</RefDesName><ToggleRefDes>1</ToggleRefDes><UID>393</UID><RefDesState>2</RefDesState><End>0</End><Start>1</Start><RefDesName>TP22</RefDesName><ToggleRefDes>1</ToggleRefDes><UID>394</UID><RefDesState>2</RefDesState><End>0</End><Start>1</Start><RefDesName>TP5212</RefDesName><ToggleRefDes>1</ToggleRefDes><UID>395</UID><RefDesState>2</RefDesState><End>0</End><Start>1</Start><RefDesName>TP5213</RefDesName><ToggleRefDes>1</ToggleRefDes><UID>396</UID><RefDesState>2</RefDesState><End>0</End><Start>1</Start><RefDesName>TP5214</RefDesName><ToggleRefDes>1</ToggleRefDes><UID>397</UID><RefDesState>2</RefDesState><End>0</End><Start>1</Start><RefDesName>TP5215</RefDesName><ToggleRefDes>1</ToggleRefDes><UID>398</UID><RefDesState>2</RefDesState><End>0</End><Start>1</Start><RefDesName>TP5216</RefDesName><ToggleRefDes>1</ToggleRefDes><UID>399</UID><RefDesState>2</RefDesState><End>0</End><Start>1</Start><RefDesName>TP5217</RefDesName><ToggleRefDes>1</ToggleRefDes><UID>400</UID><RefDesState>2</RefDesState><End>0</End><Start>1</Start><RefDesName>TP5218</RefDesName><ToggleRefDes>1</ToggleRefDes><UID>401</UID><RefDesState>2</RefDesState><End>0</End><Start>1</Start><RefDesName>TP5219</RefDesName><ToggleRefDes>1</ToggleRefDes><UID>402</UID><RefDesState>2</RefDesState><End>0</End><Start>1</Start><RefDesName>TP5220</RefDesName><ToggleRefDes>1</ToggleRefDes><UID>403</UID><RefDesState>2</RefDesState><End>0</End><Start>1</Start><RefDesName>TP5222</RefDesName><ToggleRefDes>1</ToggleRefDes><UID>404</UID><RefDesState>2</RefDesState><End>0</End><Start>1</Start><RefDesName>U11</RefDesName><ToggleRefDes>1</ToggleRefDes><UID>405</UID><RefDesState>2</RefDesState><End>0</End><Start>1</Start><RefDesName>U2100</RefDesName><ToggleRefDes>1</ToggleRefDes><UID>406</UID><RefDesState>2</RefDesState><End>0</End><Start>1</Start><RefDesName>U23</RefDesName><ToggleRefDes>1</ToggleRefDes><UID>418</UID><RefDesState>2</RefDesState><End>0</End><Start>1</Start><RefDesName>U26</RefDesName><ToggleRefDes>1</ToggleRefDes><UID>419</UID><RefDesState>2</RefDesState><End>0</End><Start>1</Start><RefDesName>U39</RefDesName><ToggleRefDes>1</ToggleRefDes><UID>420</UID><RefDesState>2</RefDesState><End>0</End><Start>1</Start><RefDesName>U40</RefDesName><ToggleRefDes>1</ToggleRefDes><UID>421</UID><RefDesState>2</RefDesState><End>0</End><Start>1</Start><RefDesName>U41</RefDesName><ToggleRefDes>1</ToggleRefDes><UID>422</UID><RefDesState>2</RefDesState><End>0</End><Start>1</Start><RefDesName>U4100</RefDesName><ToggleRefDes>1</ToggleRefDes><UID>423</UID><RefDesState>2</RefDesState><End>0</End><Start>1</Start><RefDesName>U5001</RefDesName><ToggleRefDes>1</ToggleRefDes><UID>424</UID><RefDesState>2</RefDesState><End>0</End><Start>1</Start><RefDesName>U5100</RefDesName><ToggleRefDes>1</ToggleRefDes><UID>425</UID><RefDesState>2</RefDesState><End>0</End><Start>1</Start><RefDesName>VR1</RefDesName><ToggleRefDes>1</ToggleRefDes><UID>426</UID><RefDesState>2</RefDesState><End>0</End><Start>1</Start><RefDesName>X4</RefDesName><ToggleRefDes>1</ToggleRefDes><UID>427</UID><RefDesState>2</RefDesState><End>0</End><Start>1</Start><RefDesName>Y1100</RefDesName><ToggleRefDes>1</ToggleRefDes><UID>428</UID><RefDesState>2</RefDesState><End>0</End><Start>1</Start><RefDesName>Y2100</RefDesName><ToggleRefDes>1</ToggleRefDes><UID>429</UID><RefDesState>2</RefDesState><End>0</End><Start>1</Start><RefDesName>C8242</RefDesName><ToggleRefDes>1</ToggleRefDes><UID>430</UID><RefDesState>2</RefDesState><End>0</End><Start>1</Start><RefDesName>C8244</RefDesName><ToggleRefDes>1</ToggleRefDes><UID>431</UID><RefDesState>2</RefDesState><End>0</End><Start>1</Start><RefDesName>P5002</RefDesName><ToggleRefDes>1</ToggleRefDes><UID>432</UID><RefDesState>2</RefDesState><End>0</End><Start>1</Start><RefDesName>P5003</RefDesName><ToggleRefDes>1</ToggleRefDes><UID>433</UID><RefDesState>2</RefDesState><End>0</End><Start>1</Start><RefDesName>P5004</RefDesName><ToggleRefDes>1</ToggleRefDes><UID>434</UID><RefDesState>2</RefDesState><End>0</End><Start>1</Start><RefDesName>P5005</RefDesName><ToggleRefDes>1</ToggleRefDes><UID>435</UID><RefDesState>2</RefDesState><End>0</End><Start>1</Start><RefDesName>R89539</RefDesName><ToggleRefDes>1</ToggleRefDes><UID>436</UID><RefDesState>2</RefDesState><End>0</End><Start>1</Start><RefDesName>C162</RefDesName><ToggleRefDes>1</ToggleRefDes><UID>437</UID><RefDesState>2</RefDesState><End>0</End><Start>1</Start><RefDesName>C163</RefDesName><ToggleRefDes>1</ToggleRefDes><UID>438</UID><RefDesState>2</RefDesState><End>0</End><Start>1</Start><RefDesName>C183</RefDesName><ToggleRefDes>1</ToggleRefDes><UID>439</UID><RefDesState>2</RefDesState><End>0</End><Start>1</Start><RefDesName>C226</RefDesName><ToggleRefDes>1</ToggleRefDes><UID>440</UID><RefDesState>2</RefDesState><End>0</End><Start>1</Start><RefDesName>C228</RefDesName><ToggleRefDes>1</ToggleRefDes><UID>441</UID><RefDesState>2</RefDesState><End>0</End><Start>1</Start><RefDesName>C229</RefDesName><ToggleRefDes>1</ToggleRefDes><UID>442</UID><RefDesState>2</RefDesState><End>0</End><Start>1</Start><RefDesName>C230</RefDesName><ToggleRefDes>1</ToggleRefDes><UID>443</UID><RefDesState>2</RefDesState><End>0</End><Start>1</Start><RefDesName>C2301</RefDesName><ToggleRefDes>1</ToggleRefDes><UID>444</UID><RefDesState>2</RefDesState><End>0</End><Start>1</Start><RefDesName>C231</RefDesName><ToggleRefDes>1</ToggleRefDes><UID>445</UID><RefDesState>2</RefDesState><End>0</End><Start>1</Start><RefDesName>C232</RefDesName><ToggleRefDes>1</ToggleRefDes><UID>446</UID><RefDesState>2</RefDesState><End>0</End><Start>1</Start><RefDesName>C405</RefDesName><ToggleRefDes>1</ToggleRefDes><UID>447</UID><RefDesState>2</RefDesState><End>0</End><Start>1</Start><RefDesName>C44</RefDesName><ToggleRefDes>1</ToggleRefDes><UID>448</UID><RefDesState>2</RefDesState><End>0</End><Start>1</Start><RefDesName>C45</RefDesName><ToggleRefDes>1</ToggleRefDes><UID>449</UID><RefDesState>2</RefDesState><End>0</End><Start>1</Start><RefDesName>C4606</RefDesName><ToggleRefDes>1</ToggleRefDes><UID>450</UID><RefDesState>2</RefDesState><End>0</End><Start>1</Start><RefDesName>C53</RefDesName><ToggleRefDes>1</ToggleRefDes><UID>451</UID><RefDesState>2</RefDesState><End>0</End><Start>1</Start><RefDesName>C7002</RefDesName><ToggleRefDes>1</ToggleRefDes><UID>452</UID><RefDesState>2</RefDesState><End>0</End><Start>1</Start><RefDesName>C7003</RefDesName><ToggleRefDes>1</ToggleRefDes><UID>453</UID><RefDesState>2</RefDesState><End>0</End><Start>1</Start><RefDesName>C7004</RefDesName><ToggleRefDes>1</ToggleRefDes><UID>454</UID><RefDesState>2</RefDesState><End>0</End><Start>1</Start><RefDesName>C7006</RefDesName><ToggleRefDes>1</ToggleRefDes><UID>455</UID><RefDesState>2</RefDesState><End>0</End><Start>1</Start><RefDesName>C7007</RefDesName><ToggleRefDes>1</ToggleRefDes><UID>456</UID><RefDesState>2</RefDesState><End>0</End><Start>1</Start><RefDesName>C7050</RefDesName><ToggleRefDes>1</ToggleRefDes><UID>457</UID><RefDesState>2</RefDesState><End>0</End><Start>1</Start><RefDesName>C7051</RefDesName><ToggleRefDes>1</ToggleRefDes><UID>458</UID><RefDesState>2</RefDesState><End>0</End><Start>1</Start><RefDesName>C7052</RefDesName><ToggleRefDes>1</ToggleRefDes><UID>459</UID><RefDesState>2</RefDesState><End>0</End><Start>1</Start><RefDesName>C7053</RefDesName><ToggleRefDes>1</ToggleRefDes><UID>460</UID><RefDesState>2</RefDesState><End>0</End><Start>1</Start><RefDesName>C7516</RefDesName><ToggleRefDes>1</ToggleRefDes><UID>461</UID><RefDesState>2</RefDesState><End>0</End><Start>1</Start><RefDesName>C7517</RefDesName><ToggleRefDes>1</ToggleRefDes><UID>462</UID><RefDesState>2</RefDesState><End>0</End><Start>1</Start><RefDesName>C7523</RefDesName><ToggleRefDes>1</ToggleRefDes><UID>463</UID><RefDesState>2</RefDesState><End>0</End><Start>1</Start><RefDesName>C7524</RefDesName><ToggleRefDes>1</ToggleRefDes><UID>464</UID><RefDesState>2</RefDesState><End>0</End><Start>1</Start><RefDesName>C7559</RefDesName><ToggleRefDes>1</ToggleRefDes><UID>465</UID><RefDesState>2</RefDesState><End>0</End><Start>1</Start><RefDesName>C7560</RefDesName><ToggleRefDes>1</ToggleRefDes><UID>466</UID><RefDesState>2</RefDesState><End>0</End><Start>1</Start><RefDesName>C7561</RefDesName><ToggleRefDes>1</ToggleRefDes><UID>467</UID><RefDesState>2</RefDesState><End>0</End><Start>1</Start><RefDesName>C7562</RefDesName><ToggleRefDes>1</ToggleRefDes><UID>468</UID><RefDesState>2</RefDesState><End>0</End><Start>1</Start><RefDesName>C7563</RefDesName><ToggleRefDes>1</ToggleRefDes><UID>469</UID><RefDesState>2</RefDesState><End>0</End><Start>1</Start><RefDesName>C7564</RefDesName><ToggleRefDes>1</ToggleRefDes><UID>470</UID><RefDesState>2</RefDesState><End>0</End><Start>1</Start><RefDesName>C7572</RefDesName><ToggleRefDes>1</ToggleRefDes><UID>471</UID><RefDesState>2</RefDesState><End>0</End><Start>1</Start><RefDesName>C7573</RefDesName><ToggleRefDes>1</ToggleRefDes><UID>472</UID><RefDesState>2</RefDesState><End>0</End><Start>1</Start><RefDesName>C7574</RefDesName><ToggleRefDes>1</ToggleRefDes><UID>473</UID><RefDesState>2</RefDesState><End>0</End><Start>1</Start><RefDesName>C7587</RefDesName><ToggleRefDes>1</ToggleRefDes><UID>474</UID><RefDesState>2</RefDesState><End>0</End><Start>1</Start><RefDesName>C8100</RefDesName><ToggleRefDes>1</ToggleRefDes><UID>475</UID><RefDesState>2</RefDesState><End>0</End><Start>1</Start><RefDesName>C8101</RefDesName><ToggleRefDes>1</ToggleRefDes><UID>476</UID><RefDesState>2</RefDesState><End>0</End><Start>1</Start><RefDesName>C8238</RefDesName><ToggleRefDes>1</ToggleRefDes><UID>477</UID><RefDesState>2</RefDesState><End>0</End><Start>1</Start><RefDesName>C8239</RefDesName><ToggleRefDes>1</ToggleRefDes><UID>478</UID><RefDesState>2</RefDesState><End>0</End><Start>1</Start><RefDesName>C8240</RefDesName><ToggleRefDes>1</ToggleRefDes><UID>479</UID><RefDesState>2</RefDesState><End>0</End><Start>1</Start><RefDesName>C8241</RefDesName><ToggleRefDes>1</ToggleRefDes><UID>480</UID><RefDesState>2</RefDesState><End>0</End><Start>1</Start><RefDesName>C8243</RefDesName><ToggleRefDes>1</ToggleRefDes><UID>481</UID><RefDesState>2</RefDesState><End>0</End><Start>1</Start><RefDesName>C8247</RefDesName><ToggleRefDes>1</ToggleRefDes><UID>482</UID><RefDesState>2</RefDesState><End>0</End><Start>1</Start><RefDesName>C8248</RefDesName><ToggleRefDes>1</ToggleRefDes><UID>483</UID><RefDesState>2</RefDesState><End>0</End><Start>1</Start><RefDesName>C8250</RefDesName><ToggleRefDes>1</ToggleRefDes><UID>484</UID><RefDesState>2</RefDesState><End>0</End><Start>1</Start><RefDesName>C8251</RefDesName><ToggleRefDes>1</ToggleRefDes><UID>485</UID><RefDesState>2</RefDesState><End>0</End><Start>1</Start><RefDesName>CM2</RefDesName><ToggleRefDes>1</ToggleRefDes><UID>486</UID><RefDesState>2</RefDesState><End>0</End><Start>1</Start><RefDesName>CM6</RefDesName><ToggleRefDes>1</ToggleRefDes><UID>487</UID><RefDesState>2</RefDesState><End>0</End><Start>1</Start><RefDesName>CON1</RefDesName><ToggleRefDes>1</ToggleRefDes><UID>488</UID><RefDesState>2</RefDesState><End>0</End><Start>1</Start><RefDesName>CON7</RefDesName><ToggleRefDes>1</ToggleRefDes><UID>489</UID><RefDesState>2</RefDesState><End>0</End><Start>1</Start><RefDesName>D2100</RefDesName><ToggleRefDes>1</ToggleRefDes><UID>490</UID><RefDesState>2</RefDesState><End>0</End><Start>1</Start><RefDesName>ED2000</RefDesName><ToggleRefDes>1</ToggleRefDes><UID>491</UID><RefDesState>2</RefDesState><End>0</End><Start>1</Start><RefDesName>ED2102</RefDesName><ToggleRefDes>1</ToggleRefDes><UID>492</UID><RefDesState>2</RefDesState><End>0</End><Start>1</Start><RefDesName>ED7005</RefDesName><ToggleRefDes>1</ToggleRefDes><UID>493</UID><RefDesState>2</RefDesState><End>0</End><Start>1</Start><RefDesName>ED7006</RefDesName><ToggleRefDes>1</ToggleRefDes><UID>494</UID><RefDesState>2</RefDesState><End>0</End><Start>1</Start><RefDesName>ED7007</RefDesName><ToggleRefDes>1</ToggleRefDes><UID>495</UID><RefDesState>2</RefDesState><End>0</End><Start>1</Start><RefDesName>ED7008</RefDesName><ToggleRefDes>1</ToggleRefDes><UID>496</UID><RefDesState>2</RefDesState><End>0</End><Start>1</Start><RefDesName>ED7011</RefDesName><ToggleRefDes>1</ToggleRefDes><UID>497</UID><RefDesState>2</RefDesState><End>0</End><Start>1</Start><RefDesName>ED7017</RefDesName><ToggleRefDes>1</ToggleRefDes><UID>498</UID><RefDesState>2</RefDesState><End>0</End><Start>1</Start><RefDesName>ED7018</RefDesName><ToggleRefDes>1</ToggleRefDes><UID>499</UID><RefDesState>2</RefDesState><End>0</End><Start>1</Start><RefDesName>ED7019</RefDesName><ToggleRefDes>1</ToggleRefDes><UID>500</UID><RefDesState>2</RefDesState><End>0</End><Start>1</Start><RefDesName>ED7021</RefDesName><ToggleRefDes>1</ToggleRefDes><UID>501</UID><RefDesState>2</RefDesState><End>0</End><Start>1</Start><RefDesName>ED7022</RefDesName><ToggleRefDes>1</ToggleRefDes><UID>502</UID><RefDesState>2</RefDesState><End>0</End><Start>1</Start><RefDesName>GC1</RefDesName><ToggleRefDes>1</ToggleRefDes><UID>503</UID><RefDesState>2</RefDesState><End>0</End><Start>1</Start><RefDesName>H26</RefDesName><ToggleRefDes>1</ToggleRefDes><UID>504</UID><RefDesState>2</RefDesState><End>0</End><Start>1</Start><RefDesName>H27</RefDesName><ToggleRefDes>1</ToggleRefDes><UID>505</UID><RefDesState>2</RefDesState><End>0</End><Start>1</Start><RefDesName>H28</RefDesName><ToggleRefDes>1</ToggleRefDes><UID>506</UID><RefDesState>2</RefDesState><End>0</End><Start>1</Start><RefDesName>H30</RefDesName><ToggleRefDes>1</ToggleRefDes><UID>507</UID><RefDesState>2</RefDesState><End>0</End><Start>1</Start><RefDesName>H31</RefDesName><ToggleRefDes>1</ToggleRefDes><UID>508</UID><RefDesState>2</RefDesState><End>0</End><Start>1</Start><RefDesName>H32</RefDesName><ToggleRefDes>1</ToggleRefDes><UID>509</UID><RefDesState>2</RefDesState><End>0</End><Start>1</Start><RefDesName>H33</RefDesName><ToggleRefDes>1</ToggleRefDes><UID>510</UID><RefDesState>2</RefDesState><End>0</End><Start>1</Start><RefDesName>H34</RefDesName><ToggleRefDes>1</ToggleRefDes><UID>511</UID><RefDesState>2</RefDesState><End>0</End><Start>1</Start><RefDesName>H35</RefDesName><ToggleRefDes>1</ToggleRefDes><UID>512</UID><RefDesState>2</RefDesState><End>0</End><Start>1</Start><RefDesName>J7506</RefDesName><ToggleRefDes>1</ToggleRefDes><UID>513</UID><RefDesState>2</RefDesState><End>0</End><Start>1</Start><RefDesName>J7507</RefDesName><ToggleRefDes>1</ToggleRefDes><UID>514</UID><RefDesState>2</RefDesState><End>0</End><Start>1</Start><RefDesName>J8202</RefDesName><ToggleRefDes>1</ToggleRefDes><UID>515</UID><RefDesState>2</RefDesState><End>0</End><Start>1</Start><RefDesName>K1</RefDesName><ToggleRefDes>1</ToggleRefDes><UID>516</UID><RefDesState>2</RefDesState><End>0</End><Start>1</Start><RefDesName>K2</RefDesName><ToggleRefDes>1</ToggleRefDes><UID>517</UID><RefDesState>2</RefDesState><End>0</End><Start>1</Start><RefDesName>L1</RefDesName><ToggleRefDes>1</ToggleRefDes><UID>518</UID><RefDesState>2</RefDesState><End>0</End><Start>1</Start><RefDesName>L11</RefDesName><ToggleRefDes>1</ToggleRefDes><UID>519</UID><RefDesState>2</RefDesState><End>0</End><Start>1</Start><RefDesName>M2000</RefDesName><ToggleRefDes>1</ToggleRefDes><UID>520</UID><RefDesState>2</RefDesState><End>0</End><Start>1</Start><RefDesName>M2001</RefDesName><ToggleRefDes>1</ToggleRefDes><UID>521</UID><RefDesState>2</RefDesState><End>0</End><Start>1</Start><RefDesName>Q2302</RefDesName><ToggleRefDes>1</ToggleRefDes><UID>522</UID><RefDesState>2</RefDesState><End>0</End><Start>1</Start><RefDesName>Q7007</RefDesName><ToggleRefDes>1</ToggleRefDes><UID>523</UID><RefDesState>2</RefDesState><End>0</End><Start>1</Start><RefDesName>R176</RefDesName><ToggleRefDes>1</ToggleRefDes><UID>524</UID><RefDesState>2</RefDesState><End>0</End><Start>1</Start><RefDesName>R177</RefDesName><ToggleRefDes>1</ToggleRefDes><UID>525</UID><RefDesState>2</RefDesState><End>0</End><Start>1</Start><RefDesName>R178</RefDesName><ToggleRefDes>1</ToggleRefDes><UID>526</UID><RefDesState>2</RefDesState><End>0</End><Start>1</Start><RefDesName>R179</RefDesName><ToggleRefDes>1</ToggleRefDes><UID>527</UID><RefDesState>2</RefDesState><End>0</End><Start>1</Start><RefDesName>R180</RefDesName><ToggleRefDes>1</ToggleRefDes><UID>528</UID><RefDesState>2</RefDesState><End>0</End><Start>1</Start><RefDesName>R181</RefDesName><ToggleRefDes>1</ToggleRefDes><UID>529</UID><RefDesState>2</RefDesState><End>0</End><Start>1</Start><RefDesName>R2112</RefDesName><ToggleRefDes>1</ToggleRefDes><UID>530</UID><RefDesState>2</RefDesState><End>0</End><Start>1</Start><RefDesName>R216</RefDesName><ToggleRefDes>1</ToggleRefDes><UID>531</UID><RefDesState>2</RefDesState><End>0</End><Start>1</Start><RefDesName>R217</RefDesName><ToggleRefDes>1</ToggleRefDes><UID>532</UID><RefDesState>2</RefDesState><End>0</End><Start>1</Start><RefDesName>R2302</RefDesName><ToggleRefDes>1</ToggleRefDes><UID>533</UID><RefDesState>2</RefDesState><End>0</End><Start>1</Start><RefDesName>R2306</RefDesName><ToggleRefDes>1</ToggleRefDes><UID>534</UID><RefDesState>2</RefDesState><End>0</End><Start>1</Start><RefDesName>R24</RefDesName><ToggleRefDes>1</ToggleRefDes><UID>535</UID><RefDesState>2</RefDesState><End>0</End><Start>1</Start><RefDesName>R4601</RefDesName><ToggleRefDes>1</ToggleRefDes><UID>536</UID><RefDesState>2</RefDesState><End>0</End><Start>1</Start><RefDesName>R4602</RefDesName><ToggleRefDes>1</ToggleRefDes><UID>537</UID><RefDesState>2</RefDesState><End>0</End><Start>1</Start><RefDesName>R4603</RefDesName><ToggleRefDes>1</ToggleRefDes><UID>538</UID><RefDesState>2</RefDesState><End>0</End><Start>1</Start><RefDesName>R7000</RefDesName><ToggleRefDes>1</ToggleRefDes><UID>539</UID><RefDesState>2</RefDesState><End>0</End><Start>1</Start><RefDesName>R7001</RefDesName><ToggleRefDes>1</ToggleRefDes><UID>540</UID><RefDesState>2</RefDesState><End>0</End><Start>1</Start><RefDesName>R7002</RefDesName><ToggleRefDes>1</ToggleRefDes><UID>541</UID><RefDesState>2</RefDesState><End>0</End><Start>1</Start><RefDesName>R7003</RefDesName><ToggleRefDes>1</ToggleRefDes><UID>542</UID><RefDesState>2</RefDesState><End>0</End><Start>1</Start><RefDesName>R7004</RefDesName><ToggleRefDes>1</ToggleRefDes><UID>543</UID><RefDesState>2</RefDesState><End>0</End><Start>1</Start><RefDesName>R7005</RefDesName><ToggleRefDes>1</ToggleRefDes><UID>544</UID><RefDesState>2</RefDesState><End>0</End><Start>1</Start><RefDesName>R7006</RefDesName><ToggleRefDes>1</ToggleRefDes><UID>545</UID><RefDesState>2</RefDesState><End>0</End><Start>1</Start><RefDesName>R7007</RefDesName><ToggleRefDes>1</ToggleRefDes><UID>546</UID><RefDesState>2</RefDesState><End>0</End><Start>1</Start><RefDesName>R7528</RefDesName><ToggleRefDes>1</ToggleRefDes><UID>547</UID><RefDesState>2</RefDesState><End>0</End><Start>1</Start><RefDesName>R7529</RefDesName><ToggleRefDes>1</ToggleRefDes><UID>548</UID><RefDesState>2</RefDesState><End>0</End><Start>1</Start><RefDesName>R7530</RefDesName><ToggleRefDes>1</ToggleRefDes><UID>549</UID><RefDesState>2</RefDesState><End>0</End><Start>1</Start><RefDesName>R7531</RefDesName><ToggleRefDes>1</ToggleRefDes><UID>550</UID><RefDesState>2</RefDesState><End>0</End><Start>1</Start><RefDesName>R7554</RefDesName><ToggleRefDes>1</ToggleRefDes><UID>551</UID><RefDesState>2</RefDesState><End>0</End><Start>1</Start><RefDesName>R7555</RefDesName><ToggleRefDes>1</ToggleRefDes><UID>552</UID><RefDesState>2</RefDesState><End>0</End><Start>1</Start><RefDesName>R7559</RefDesName><ToggleRefDes>1</ToggleRefDes><UID>553</UID><RefDesState>2</RefDesState><End>0</End><Start>1</Start><RefDesName>R7560</RefDesName><ToggleRefDes>1</ToggleRefDes><UID>554</UID><RefDesState>2</RefDesState><End>0</End><Start>1</Start><RefDesName>R7561</RefDesName><ToggleRefDes>1</ToggleRefDes><UID>555</UID><RefDesState>2</RefDesState><End>0</End><Start>1</Start><RefDesName>R7572</RefDesName><ToggleRefDes>1</ToggleRefDes><UID>556</UID><RefDesState>2</RefDesState><End>0</End><Start>1</Start><RefDesName>R7573</RefDesName><ToggleRefDes>1</ToggleRefDes><UID>557</UID><RefDesState>2</RefDesState><End>0</End><Start>1</Start><RefDesName>R7575</RefDesName><ToggleRefDes>1</ToggleRefDes><UID>558</UID><RefDesState>2</RefDesState><End>0</End><Start>1</Start><RefDesName>R7576</RefDesName><ToggleRefDes>1</ToggleRefDes><UID>559</UID><RefDesState>2</RefDesState><End>0</End><Start>1</Start><RefDesName>R7577</RefDesName><ToggleRefDes>1</ToggleRefDes><UID>560</UID><RefDesState>2</RefDesState><End>0</End><Start>1</Start><RefDesName>R7578</RefDesName><ToggleRefDes>1</ToggleRefDes><UID>561</UID><RefDesState>2</RefDesState><End>0</End><Start>1</Start><RefDesName>R7579</RefDesName><ToggleRefDes>1</ToggleRefDes><UID>562</UID><RefDesState>2</RefDesState><End>0</End><Start>1</Start><RefDesName>R7580</RefDesName><ToggleRefDes>1</ToggleRefDes><UID>563</UID><RefDesState>2</RefDesState><End>0</End><Start>1</Start><RefDesName>R7581</RefDesName><ToggleRefDes>1</ToggleRefDes><UID>564</UID><RefDesState>2</RefDesState><End>0</End><Start>1</Start><RefDesName>R7582</RefDesName><ToggleRefDes>1</ToggleRefDes><UID>565</UID><RefDesState>2</RefDesState><End>0</End><Start>1</Start><RefDesName>R7583</RefDesName><ToggleRefDes>1</ToggleRefDes><UID>566</UID><RefDesState>2</RefDesState><End>0</End><Start>1</Start><RefDesName>R7584</RefDesName><ToggleRefDes>1</ToggleRefDes><UID>567</UID><RefDesState>2</RefDesState><End>0</End><Start>1</Start><RefDesName>R7585</RefDesName><ToggleRefDes>1</ToggleRefDes><UID>568</UID><RefDesState>2</RefDesState><End>0</End><Start>1</Start><RefDesName>R7586</RefDesName><ToggleRefDes>1</ToggleRefDes><UID>569</UID><RefDesState>2</RefDesState><End>0</End><Start>1</Start><RefDesName>R7592</RefDesName><ToggleRefDes>1</ToggleRefDes><UID>570</UID><RefDesState>2</RefDesState><End>0</End><Start>1</Start><RefDesName>R7593</RefDesName><ToggleRefDes>1</ToggleRefDes><UID>571</UID><RefDesState>2</RefDesState><End>0</End><Start>1</Start><RefDesName>R7594</RefDesName><ToggleRefDes>1</ToggleRefDes><UID>572</UID><RefDesState>2</RefDesState><End>0</End><Start>1</Start><RefDesName>R7595</RefDesName><ToggleRefDes>1</ToggleRefDes><UID>573</UID><RefDesState>2</RefDesState><End>0</End><Start>1</Start><RefDesName>R7601</RefDesName><ToggleRefDes>1</ToggleRefDes><UID>574</UID><RefDesState>2</RefDesState><End>0</End><Start>1</Start><RefDesName>R7602</RefDesName><ToggleRefDes>1</ToggleRefDes><UID>575</UID><RefDesState>2</RefDesState><End>0</End><Start>1</Start><RefDesName>R7603</RefDesName><ToggleRefDes>1</ToggleRefDes><UID>576</UID><RefDesState>2</RefDesState><End>0</End><Start>1</Start><RefDesName>R7604</RefDesName><ToggleRefDes>1</ToggleRefDes><UID>577</UID><RefDesState>2</RefDesState><End>0</End><Start>1</Start><RefDesName>R7605</RefDesName><ToggleRefDes>1</ToggleRefDes><UID>578</UID><RefDesState>2</RefDesState><End>0</End><Start>1</Start><RefDesName>R7606</RefDesName><ToggleRefDes>1</ToggleRefDes><UID>579</UID><RefDesState>2</RefDesState><End>0</End><Start>1</Start><RefDesName>R7607</RefDesName><ToggleRefDes>1</ToggleRefDes><UID>580</UID><RefDesState>2</RefDesState><End>0</End><Start>1</Start><RefDesName>R7608</RefDesName><ToggleRefDes>1</ToggleRefDes><UID>581</UID><RefDesState>2</RefDesState><End>0</End><Start>1</Start><RefDesName>R7609</RefDesName><ToggleRefDes>1</ToggleRefDes><UID>582</UID><RefDesState>2</RefDesState><End>0</End><Start>1</Start><RefDesName>R7610</RefDesName><ToggleRefDes>1</ToggleRefDes><UID>583</UID><RefDesState>2</RefDesState><End>0</End><Start>1</Start><RefDesName>R7615</RefDesName><ToggleRefDes>1</ToggleRefDes><UID>584</UID><RefDesState>2</RefDesState><End>0</End><Start>1</Start><RefDesName>R7623</RefDesName><ToggleRefDes>1</ToggleRefDes><UID>585</UID><RefDesState>2</RefDesState><End>0</End><Start>1</Start><RefDesName>R89528</RefDesName><ToggleRefDes>1</ToggleRefDes><UID>586</UID><RefDesState>2</RefDesState><End>0</End><Start>1</Start><RefDesName>R89529</RefDesName><ToggleRefDes>1</ToggleRefDes><UID>587</UID><RefDesState>2</RefDesState><End>0</End><Start>1</Start><RefDesName>R89530</RefDesName><ToggleRefDes>1</ToggleRefDes><UID>588</UID><RefDesState>2</RefDesState><End>0</End><Start>1</Start><RefDesName>R89540</RefDesName><ToggleRefDes>1</ToggleRefDes><UID>589</UID><RefDesState>2</RefDesState><End>0</End><Start>1</Start><RefDesName>T7533</RefDesName><ToggleRefDes>1</ToggleRefDes><UID>590</UID><RefDesState>2</RefDesState><End>0</End><Start>1</Start><RefDesName>T7534</RefDesName><ToggleRefDes>1</ToggleRefDes><UID>591</UID><RefDesState>2</RefDesState><End>0</End><Start>1</Start><RefDesName>T7535</RefDesName><ToggleRefDes>1</ToggleRefDes><UID>592</UID><RefDesState>2</RefDesState><End>0</End><Start>1</Start><RefDesName>TP5221</RefDesName><ToggleRefDes>1</ToggleRefDes><UID>593</UID><RefDesState>2</RefDesState><End>0</End><Start>1</Start><RefDesName>TP5223</RefDesName><ToggleRefDes>1</ToggleRefDes><UID>594</UID><RefDesState>2</RefDesState><End>0</End><Start>1</Start><RefDesName>TP5224</RefDesName><ToggleRefDes>1</ToggleRefDes><UID>595</UID><RefDesState>2</RefDesState><End>0</End><Start>1</Start><RefDesName>U147</RefDesName><ToggleRefDes>1</ToggleRefDes><UID>596</UID><RefDesState>2</RefDesState><End>0</End><Start>1</Start><RefDesName>U25</RefDesName><ToggleRefDes>1</ToggleRefDes><UID>597</UID><RefDesState>2</RefDesState><End>0</End><Start>1</Start><RefDesName>U7000</RefDesName><ToggleRefDes>1</ToggleRefDes><UID>598</UID><RefDesState>2</RefDesState><End>0</End><Start>1</Start><RefDesName>U7012</RefDesName><ToggleRefDes>1</ToggleRefDes><UID>599</UID><RefDesState>2</RefDesState><End>0</End><Start>1</Start><RefDesName>U7014</RefDesName><ToggleRefDes>1</ToggleRefDes><UID>600</UID><RefDesState>2</RefDesState><End>0</End><Start>1</Start><RefDesName>USB2</RefDesName><ToggleRefDes>1</ToggleRefDes><UID>601</UID><RefDesState>2</RefDesState><End>0</End><Start>1</Start><RefDesName>X5</RefDesName><ToggleRefDes>1</ToggleRefDes><UID>602</UID><RefDesState>2</RefDesState><End>0</End><Start>1</Start><RefDesName>J7</RefDesName><ToggleRefDes>1</ToggleRefDes><UID>603</UID><RefDesState>2</RefDesState><End>0</End><Start>1</Start><RefDesName>J1</RefDesName><ToggleRefDes>1</ToggleRefDes><UID>604</UID><RefDesState>2</RefDesState><End>0</End><Start>1</Start><RefDesName>KK10</RefDesName><ToggleRefDes>1</ToggleRefDes><UID>605</UID><RefDesState>2</RefDesState><End>0</End><Start>1</Start><RefDesName>KK11</RefDesName><ToggleRefDes>1</ToggleRefDes><UID>606</UID><RefDesState>2</RefDesState><End>0</End><Start>1</Start><RefDesName>KK12</RefDesName><ToggleRefDes>1</ToggleRefDes><UID>607</UID><RefDesState>2</RefDesState><End>0</End><Start>1</Start><RefDesName>KK13</RefDesName><ToggleRefDes>1</ToggleRefDes><UID>608</UID><RefDesState>2</RefDesState><End>0</End><Start>1</Start><RefDesName>KK14</RefDesName><ToggleRefDes>1</ToggleRefDes><UID>609</UID><RefDesState>2</RefDesState><End>0</End><Start>1</Start><RefDesName>KK15</RefDesName><ToggleRefDes>1</ToggleRefDes><UID>610</UID><RefDesState>2</RefDesState><End>0</End><Start>1</Start><RefDesName>KK16</RefDesName><ToggleRefDes>1</ToggleRefDes><UID>611</UID><RefDesState>2</RefDesState><End>0</End><Start>1</Start><RefDesName>KK9</RefDesName><ToggleRefDes>1</ToggleRefDes><UID>612</UID><RefDesState>2</RefDesState><End>0</End><Start>1</Start><RefDesName>R89541</RefDesName><ToggleRefDes>1</ToggleRefDes><UID>613</UID><RefDesState>2</RefDesState><End>0</End><Start>1</Start><RefDesName>R89542</RefDesName><ToggleRefDes>1</ToggleRefDes><UID>614</UID><RefDesState>2</RefDesState><End>0</End><Start>1</Start><RefDesName>C8252</RefDesName><ToggleRefDes>1</ToggleRefDes><UID>615</UID><RefDesState>2</RefDesState><End>0</End><Start>1</Start><RefDesName>R1</RefDesName><ToggleRefDes>1</ToggleRefDes><UID>616</UID><RefDesState>2</RefDesState><End>0</End><Start>1</Start><RefDesName>R2</RefDesName><ToggleRefDes>1</ToggleRefDes><UID>617</UID><RefDesState>2</RefDesState><End>0</End><Start>1</Start><RefDesName>CON8</RefDesName><ToggleRefDes>1</ToggleRefDes><UID>618</UID><RefDesState>2</RefDesState><End>0</End><Start>1</Start><RefDesName>R3</RefDesName><ToggleRefDes>1</ToggleRefDes><UID>619</UID><RefDesState>2</RefDesState><End>0</End><Start>1</Start><RefDesName>R4</RefDesName><ToggleRefDes>1</ToggleRefDes><UID>620</UID><RefDesState>2</RefDesState><End>0</End><Start>1</Start><RefDesName>R5</RefDesName><ToggleRefDes>1</ToggleRefDes><UID>621</UID><RefDesState>2</RefDesState><End>0</End><Start>1</Start><RefDesName>R6</RefDesName><ToggleRefDes>1</ToggleRefDes><UID>622</UID><RefDesState>2</RefDesState><End>0</End><Start>1</Start><RefDesName>D1</RefDesName><ToggleRefDes>1</ToggleRefDes><UID>623</UID><RefDesState>2</RefDesState><End>0</End><Start>1</Start><RefDesName>D2</RefDesName><ToggleRefDes>1</ToggleRefDes><UID>624</UID><RefDesState>2</RefDesState><End>0</End><Start>1</Start><RefDesName>R7</RefDesName><ToggleRefDes>1</ToggleRefDes><UID>625</UID><RefDesState>2</RefDesState><End>0</End><Start>1</Start><RefDesName>R8</RefDesName><ToggleRefDes>1</ToggleRefDes><UID>626</UID><RefDesState>2</RefDesState><End>0</End><Start>1</Start><RefDesName>C8253</RefDesName><ToggleRefDes>1</ToggleRefDes><UID>627</UID><RefDesState>2</RefDesState><End>0</End><Start>1</Start><RefDesName>C1</RefDesName><ToggleRefDes>1</ToggleRefDes><UID>628</UID><RefDesState>2</RefDesState><End>0</End><Start>1</Start><RefDesName>C2</RefDesName><ToggleRefDes>1</ToggleRefDes><UID>629</UID><RefDesState>2</RefDesState><End>0</End><Start>1</Start><RefDesName>C3</RefDesName><ToggleRefDes>1</ToggleRefDes><UID>630</UID><RefDesState>2</RefDesState><End>0</End><Start>1</Start><RefDesName>C4</RefDesName><ToggleRefDes>1</ToggleRefDes><UID>631</UID><RefDesState>2</RefDesState><End>0</End><Start>1</Start><RefDesName>C5</RefDesName><ToggleRefDes>1</ToggleRefDes><UID>632</UID><RefDesState>2</RefDesState><End>0</End><Start>1</Start><RefDesName>C6</RefDesName><ToggleRefDes>1</ToggleRefDes><UID>633</UID><RefDesState>2</RefDesState><End>0</End></RefDes><Thick><ToggleThickTrace>0</ToggleThickTrace><ToggleThickPad>1</ToggleThickPad></Thick><RenderMode><SelectRenderMode>2</SelectRenderMode></RenderMode></PCBDesignProperties2.6>
